created,narrative,district,weeks,submitted_by,disease
2026-03-18,Alert a 12 yrs F domestic dog bite on 13/3/2026 Namabasa zone 5A Namabasa ward Northern city division Mbale city by Edward,Mbale city,12, ,Rabies
2026-03-18,Alert 24 yrs F stray dog bite on 11/3/2026 Namatala cell Namatala ward Industrial city division Mbale City by Edward ,Mbale city,12, ,Rabies
2026-03-17,Measles/Rubella,Karenga,12, ,Measles
2026-03-17,Measles/Rubella,Kakumiro,12, ,Measles
2026-03-17,"Alert 10 months female suspected measles with fever, body rash, cough started 11/03/2026 Businge lc1 ,Kisiita Sc, Kakumiro district by Roger- H/ Asst.",Kakumiro,12, ,Measles
2026-03-17,Measles/Rubella,Kaabong,12, ,Measles
2026-03-17,"Alert suspected Measles 4yr F with fever, geralized rash, cough, conjunctivitis ",Kaabong,12, ,Measles
2026-03-17,"Alert: suspected measles, 11 years old, from potongor, lolletio, Panyagara sub-county, Kotido district ",Kotido,12, ,Measles
2026-03-17,Monkeypox,Kasese,12, ,Mpox
2026-03-17,"Alert Mpox suspect BR46 years female skin rash, fever and fatigue on March-5-2026 in Kisinga village, kisinga subcounty  kasese reported by vht william",Kasese,12, ,Mpox
2026-03-17,Measles/Rubella,Kotido,12, ,Measles
2026-03-17,Alert Dog bite BF 36 years Female in Kasindi-DRC  beaten by raoming dog in Customs -Kasese. client reffered to Bwera hopsital for vaccination reported Erisa,Kasese,12, ,Rabies
2026-03-17,"Alert Mpox suspect MZ50 years Male skin rash, fever and fatigue on March-6-2026 in Kyogha Bwera Kasindi-DRC customs kasese reported by vht George",Kasese,12, ,Mpox
2026-03-17,Measles/Rubella,Kasese,12, ,Measles
2026-03-17,"Alert Measles suspect MJ 5years Male fevers, red eyes and skin rash , Kyempaa village, Isango subcounty kasese district 14/03/2026 vht Alice",Kasese,12, ,Measles
2026-03-17,"Alert Mpox suspect MZ25 years Male skin rash, fever and fatigue on March-1-2026 in Kabuyiri customs kasese reported by vht ",Kasese,12, ,Mpox
2026-03-17,Measles/Rubella,Tororo,12, ,Measles
2026-03-17,"Alert Test suspected measles male 34 years skin rash, red eyes, fever. Telel karenga town Council karenga district on 16/3/2026 by Atim",Karenga,12, ,Measles
2026-03-17,"alert 24 months female suspected measles from kamkoi cental, kathile parish,karenga town council,Karenga district presence with runny nose , fever and body rash and cough",Karenga,12, ,Measles
2026-03-17,He was given Td and referred to manafwa for antirabies ,Namisindwa,12, ,Rabies
2026-03-17,Measles/Rubella,Bunyangabu,12, ,Measles
2026-03-17,"ALERT   3 YR  M from kagoma B, Kibiito TC, Bunyangabu  presenting with  skin rash, fever on 8/3/2026  suspected measles case, baluko mugisa reporting",Bunyangabu,12, ,Measles
2026-03-17,"alert 17 months male suspected measles from kamkoi central, kathil parish, karenga town council, karenga district presence with fever,runny nose,body rash and cough ",Karenga,12, ,Measles
2026-03-17,Guinea Worm,Kibuku,12, ,Guinea Worm
2026-03-17,Alert a lady in her 40s was bitten by a stray dog in maalo village mukoto subcounty ,Namisindwa,12, ,Rabies
2026-03-17,Given Td and antirabies and reschedule for next vaccination ,Namisindwa,12, ,Rabies
2026-03-17,A 52yrs old male was bitten by a dog ,Namisindwa,12, ,Rabies
2026-03-17,"Alert A 1 year M suspect Measles from Kamshosho (Tororo) with skin rash, fever, flu and yellow eyes on 17/3/2026, by Isaac.",Tororo,12, ,Measles
2026-03-17,"Other Emerging Infectious Disease (Small Pox, ILI, SARS)",Namisindwa,12, ,"Small Pox, ILI, SARS"
2026-03-16,Was given Td and referred for antirabies to bupoto ,Namisindwa,12, ,Rabies
2026-03-16,Polio,Butebo,12, ,Polio
2026-03-16,Alert a 6yr old was bitten by a stray dog ,Namisindwa,12, ,Rabies
2026-03-16,Perinatal Death,Kibuku,12, ,Death
2026-03-16,"Alert
a 14 year old male from Natoto village, Natoto parish Buseta sub county , kibuku district was bitten by a dog",Kibuku,12, ,Rabies
2026-03-16,victim initiated on anti rabies vaccine.,Kibuku,12, ,Rabies
2026-03-16,Alert a girl of 4yrs was bitten by a dog in namunyu cell ,Namisindwa,12, ,Rabies
2026-03-16,ALERT SUSPECTED DOG BITE,Abim,12, ,Rabies
2026-03-16,Rabies,Fort portal city,12, ,Rabies
2026-03-16,THE DOG ISOLATED IN ,Fort portal city,12, ,Rabies
2026-03-16,ALERT ARABBIED DOG SEEN BACKING WITH ,Fort portal city,12, ,Rabies
2026-03-16,Measles/Rubella,Pallisa,12, ,Measles
2026-03-16,"Alert 11yr M suspected measles case presened tday 16/3/2026 with generalized  skin rash  red eyes at Bukoda village kasodo sc pallisa district, date of onset was 2/3/2026 by Apolot Christine ",Pallisa,12, ,Measles
2026-03-16,Measles/Rubella,Bunyangabu,12, ,Measles
2026-03-16,Measles/Rubella,Kasese,12, ,Measles
2026-03-16,"Alert Measles suspect BG 5years Female fevers, red eyes and skin rash , Kyogha, Bwera subcounty kasese district 15/03/2025 vht POE ",Kasese,12, ,Measles
2026-03-16,"Alert 1yr M measles suspect from omukulai cell kibale TC presented on 13/3/2026 with fever skin rash and cough , date of onset 10/3/2026 by Akurut Tabitha",Pallisa,12, ,Measles
2026-03-16,"Alert Anthrax suspect 25 years male high fevers, blister and skin rash and peel Kyogha Bwera  kasese district 1/010/2025 vht",Kasese,12, ,Anthrax
2026-03-16,Monkeypox,Kasese,12, ,Mpox
2026-03-16,Alert Mpox suspect  years PK 60 Male skin rash AND  fever on March-10-2026 in Kasindi DRC-customs kasese reported by Charles  POE,Kasese,12, ,Mpox
2026-03-16,Anthrax,Kasese,12, ,Anthrax
2026-03-16,Alert Mpox suspect BR52 years Male skin rash headache joint pain fever on set March-1-2026 in Nyakasanga kasese Municipality  reported by vht Ann,Kasese,12, ,Mpox
2026-03-16,"Alert Measles suspect 1 years female fevers, red eyes and skin rash , Kithuthi, Karambi kasese district 13/03/2026 vht",Kasese,12, ,Measles
2026-03-16,"Alert Mpox suspect 16 years Female skin rash, fever and fatigue on March-11-2026 in Kyogha Bwera subcounty kasese reported by vht Mbusa",Kasese,12, ,Mpox
2026-03-15,Monkeypox,Kasese,11, ,Mpox
2026-03-15,"Alert Measles suspect KP 1Yr female fevers, red eyes and skin rash , kithuthi Karambi  kasese district 1/3/2025 vht",Kasese,11, ,Measles
2026-03-15,Measles/Rubella,Kasese,11, ,Measles
2026-03-15,Alert Mpox suspect GY 70 years Male skin rash headache joint pain fever on FEB-21-2026 in Nyakatonzi kasese reported by vht,Kasese,11, ,Mpox
2026-03-15,Alert Mpox suspect BM45 years Male skin rash headache joint pain fever on March-1-2026 in Kasindi DRC-customs kasese reported by vht POE,Kasese,11, ,Mpox
2026-03-15,Rabies,Namisindwa,11, ,Rabies
2026-03-15,Alert   a dog that bit 2 people in Bumwoni subcounty was killed by community members today morning ,Namisindwa,11, ,Rabies
2026-03-15,Measles/Rubella,Karenga,11, ,Measles
2026-03-15,Alert  a 56yr old male bitten by the dog .It has been  vaccinated according to the owner,Namisindwa,11, ,Rabies
2026-03-15,He was referred to Magale health Centre 1V given Td. Referred to bupoto for antirabies to be given tomorrow ,Namisindwa,11, ,Rabies
2026-03-15,Alert Dog bite BF 32 years male in Sesele-Nyakahya beaten by raoming dog in Nyakahya -Kasese. client reffered to Bwera hopsital for vaccination reported Yusufu Kule ,Kasese,11, ,Rabies
2026-03-15,Alert Mpox suspect MM48 years Male skin rash headache joint pain fever on set 2-3-2026 in kiteso kasese reported by Dauda,Kasese,11, ,Mpox
2026-03-15,Alert Mpox suspect KR 18 years FeMale skin rash headache joint pain fever on March-2-2026 from Kasindi-DRC Customs kasese reported by vht,Kasese,11, ,Mpox
2026-03-15,Alert Dog bite BG15 years male in kabuyiri beaten by raoming dog in Kabuyiri -Kasese. client reffered to Bwera hopsital for vaccination reported by Dr kibaya Yusufu,Kasese,11, ,Rabies
2026-03-14,Cholera,Tororo,11, ,Cholera
2026-03-14,Monkeypox,Tororo,11, ,Mpox
2026-03-14,Measles/Rubella,Tororo,11, ,Measles
2026-03-14,"Alert  A 2year M suspect Measles from Adumai with skin rash, fever,  on 09/3/2026, by Isaac.",Tororo,11, ,Measles
2026-03-14,"Alert  A  1 year M suspect Measles from Koitangiro with skin rash, fever,  on 05/3/2026, by Isaac.",Tororo,11, ,Measles
2026-03-14,"Other Emerging Infectious Disease (Small Pox, ILI, SARS)",Namisindwa,11, ,"Small Pox, ILI, SARS"
2026-03-14,"Alert Ochwo Stephen male 19 years from P'Opono Paya SC, generalized skin rash, suspected chicken pox 3rd/3/2026",Tororo,11, ,Chicken Pox
2026-03-14,"Alert  A  6year M suspect Measles from Koitangiro with skin rash, fever,  on 09/2/2026, by Isaac.",Tororo,11, ,Measles
2026-03-14,"Alert  A  11 year M suspect Measles from Koitangiro with skin rash, fever,  on 06/3/2026, by Isaac.",Tororo,11, ,Measles
2026-03-14,"Alert  A  year M suspect M-POX from Koitangiro with skin rash, fever,  on 09/2/2026, by Isaac.",Tororo,11, ,Mpox
2026-03-14,"Alert  A 2 year F suspect Measles from Asinge with skin rash, fever,  on 04/3/2026, ",Tororo,11, ,Measles
2026-03-14,"Alert  A 2 year M suspect Measles from Akolodong with skin rash, fever and cough on 03/3/2026, by Isaac.",Tororo,11, ,Measles
2026-03-14,"ALERT SUSPECTED MPOX, 26/F with fever, macular rash, chills and muscle pain for one day from Rurama in Rutete sc",Kabarole,11, ,Mpox
2026-03-14,Monkeypox,Kabarole,11, ,Mpox
2026-03-14,Measles/Rubella,Butebo,11, ,Measles
2026-03-14,"ALERT, Suspected MPOX 35/M with fever, rash, muscle pain at Kyoja Kyezire Mugusu, Kabarole",Kabarole,11, ,Mpox
2026-03-14,He is being given Td in Magale health centre 1V after he will proceed to the district for antirabies vaccine ,Namisindwa,11, ,Rabies
2026-03-14,"Alert  a male of 52yrs was bitten by a dog whose vaccination status, is not known ",Namisindwa,11, ,Rabies
2026-03-13,"A SUSPECTED MEASLES CASE AT MARANATHA HEALTH CENTRE,
A 9months old male was admitted with red eyes and skin rash",Fort portal city,11, ,Measles
2026-03-13,"Other Emerging Infectious Disease (Small Pox, ILI, SARS)",Moroto,11, ,"Small Pox, ILI, SARS"
2026-03-13,Measles/Rubella,Fort portal city,11, ,Measles
2026-03-13,Measles/Rubella,Kibuku,11, ,Measles
2026-03-13,"alert Suspected Measles
a 2 year old female had fever, skin rash, cough and coryza. stareted on 6/03/2026 from Nabunyere A, KADAMA TOWN COUNCIL, Kibuku District. ",Kibuku,11, ,Measles
2026-03-13,"Alert
a 14 year old male from Buganza A, Kangalaba parish, Bulangira town council, Kibuku district  was bitten by a a dog. there was no clear history of animal vaccination",Kibuku,11, ,Rabies
2026-03-13,"victim initiated on anti rabies , Veterinary department informed, animal to be monitored for behaviour change. ",Kibuku,11, ,Rabies
2026-03-13,"A 9 month old baby was brought to Budaka hc4 with fever, body rash ,running nose with fast breathing and suspected measles ",Budaka,11, ,Measles
2026-03-13,Measles/Rubella,Budaka,11, ,Measles
2026-03-13,"ALERT Suspected Swine fever with potential of human spread. Sudden death of 10 pigs that are eaten in kabasanja village, harugongo",Kabarole,11, ,Death
2026-03-13,Guinea Worm,Tororo,11, ,Guinea Worm
2026-03-13,Suspected rabid dog bite on a 30yr male from kwirwot ward Suam Town council ,Bukwo,11, ,Rabies
2026-03-13,"Other Emerging Infectious Disease (Small Pox, ILI, SARS)",Fort portal city,11, ,"Small Pox, ILI, SARS"
2026-03-13,"alert
a 17 year old male from kadama cell, kadama ward, kadama town council, kibuku dsitrict was bitten by a domestic dog.",Kibuku,11, ,Rabies
2026-03-13,victim was initiated on anti rabies vaccines,Kibuku,11, ,Rabies
2026-03-13,"A 4yr old female from Njara cell fortportal city a suspect of measles came the region refferal ,presents with running nose,red eyes,fever and skin rash all over the body and claims to have got it from school ,Banyatereza golden jubilee",Fort portal city,11, ,Measles
2026-03-13,Measles/Rubella,Moroto,11, ,Measles
2026-03-13,Monkeypox,Makindye division,11, ,Mpox
2026-03-13,"Alert W.R male aged 24yrs old from Bukasa suspected mpox with signs and symptoms  lesions, muscle pains, rashes, chills and back pain.",Makindye division,11, ,Mpox
2026-03-13,"After getting a measles suspect from regional refferal who confirmed to have in tourch with other children with similar symptoms,the team from city health officer reached at the school
(banyatereza nursery and primary school )verified and found out there were 3suspects of meascles and 4 suspects of mpox ",Fort portal city,11, ,Mpox
2026-03-13,3 suspects of measles from nursery section and 4 suspects of mpox from primary section,Fort portal city,11, ,Mpox
2026-03-13,Monkeypox,Fort portal city,11, ,Mpox
2026-03-13,"A 4yr old female child suspects of MPOX presents with fever,loss of apetite itching skin lesion all over the body",Fort portal city,11, ,Mpox
2026-03-12,Measles/Rubella,Mbale city,11, ,Measles
2026-03-12,Alert 8 months F suspected measles fever rash diarrhea running nose started 3/3/2026 Ntate cell Namusi ward Northern city division Mbale city by Edward,Mbale city,11, ,Measles
2026-03-12,The case has a localized rash in the face for one week now hence not meeting measles case definition,Mbale city,11, ,Measles
2026-03-12,Measles/Rubella,Pallisa,11, ,Measles
2026-03-12,"Alert 1yr old suspected measles with fever rash,and cough from Kagwese, Pallisa Town council, Pallisa district 
Started on 2/3/2026, By Ekisa Geoffrey ",Pallisa,11, ,Measles
2026-03-11,an EPI link to the confirmed Anthrax,Kween,11, ,Anthrax
2026-03-11,Anthrax,Kween,11, ,Anthrax
2026-03-11,"A 48 yr old woman has fever , swelling and itching on the right posterior elbow joint and left medial lower limb, she eat meat of a cow that died suddenly on 2/2/2026. she is from Mokoyon village, Korite parish Kiriki SC, date of onset is 3rd/3/2026 and she is the wife of the confirmed Anthrax case.",Kween,11, ,Death
2026-03-11,an EPI linked case to a confirmed Anthrax case,Kween,11, ,Anthrax
2026-03-11,"An 11 yr old boy from Mokoyon village, Korite parish, Kiriki SC has diarrhoea and fever that started on 3rd/2/2026 after eating meat of a cow that died suddely on 2/2/2026, he is the son of the confirmed Anthrax.",Kween,11, ,Death
2026-03-11,Measles/Rubella,Kyegegwa,11, ,Measles
2026-03-11,"Alert suspected measles. f/48 mths from kasenyi village, main street wd ,east div, Mubende municipality.rash,fever,red eyes,cough. onset 2/03/26.",Mubende,11, ,Measles
2026-03-11,SUSPECTED MEASLES,Kween,11, ,Measles
2026-03-11,Measles/Rubella,Kween,11, ,Measles
2026-03-11,"A 7 yr old boy who presented with fever, skin rash and cough with vomiting , that started on 20th/2/2026 in Ngorina village, Ngorina parish, Sundet SC ,suspected measles reported by Korir VHT",Kween,11, ,Measles
2026-03-11,"A 1 5/12 yrs old F young child presenting with skin rash, fever, cough and running nose, suspected measles in Ngorina village, Ngorina parish, Sundet SC, report compiled by Korir VHT.",Kween,11, ,Measles
2026-03-11,Measles/Rubella,Mubende,11, ,Measles
2026-03-11,Suspected measles outbreak,Kween,11, ,Measles
2026-03-11,Polio,Kibuku,11, ,Polio
2026-03-11,Victim initiated on anti rabies,Kibuku,11, ,Rabies
2026-03-11,"Alert A7Yr old male was bitten by adog from Bugiri ii, Bugiri parish, Kasasirs s/c, Kibuku district.",Kibuku,11, ,Rabies
2026-03-11,Measles/Rubella,Kotido,11, ,Measles
2026-03-11,victim was initiated on anti rabies vaccines,Kibuku,11, ,Rabies
2026-03-11,"alert a 45year Male was bitten by a dog from the rice field from kasaira institutional, kasasira ward, kasasira T/C, Kibuku district.",Kibuku,11, ,Rabies
2026-03-11,Alert 4 yrs M suspected measles fever rash cough running nose red eyes mouth sores started 8/3/2026 Amusi Bukedea district detected at Nakaloke HC III Mbale city by Edward ,Mbale city,11, ,Measles
2026-03-11,Measles/Rubella,Mbale city,11, ,Measles
2026-03-11,"Alerts suspected measles from Kacheri Subcounty, Kacheri Town Council,  Lokorwa Village.",Kotido,11, ,Measles
2026-03-11,Cholera,Tororo,11, ,Cholera
2026-03-11,"alerts, suspected measles age 9months,59months,3years,4years,2years,2years, from lokorwa village, kacheri town council, kacheri sub county, kotido district",Kotido,11, ,Measles
2026-03-10,Measles/Rubella,Pallisa,11, ,Measles
2026-03-10,She was given Td at soono health center 111s then referred to Magale people's clinic for antirabies vaccine. Advised to monitor dog sor 2 weeks ,Namisindwa,11, ,Rabies
2026-03-10,Alert a female of 49yrs was bitten by a dog today ,Namisindwa,11, ,Rabies
2026-03-10,"Other Emerging Infectious Disease (Small Pox, ILI, SARS)",Namisindwa,11, ,"Small Pox, ILI, SARS"
2026-03-10,2yr male suspected measles with cough flue skin rash from otiira village Agule TC pallisa district started on 26/2/2026 by Amodoi,Pallisa,11, ,Measles
2026-03-10,"5yr old measles suspect with fever rash cough from bukoda village putiputi sc pallisa district, started on 3/3/2026 by Tibikoma",Pallisa,11, ,Measles
2026-03-10,2yr old M suspected measles from Atira Agule TC pallisa district started on 26/2/2026 by Amodoi,Pallisa,11, ,Measles
2026-03-09,Measles/Rubella,Amudat,11, ,Measles
2026-03-09,"Alert suspected measles 5 months female,from kodikdik  lokoma parish 1/3/2026",Amudat,11, ,Measles
2026-03-09,"Other Emerging Infectious Disease (Small Pox, ILI, SARS)",Namisindwa,11, ,"Small Pox, ILI, SARS"
2026-03-09,alert suspected measles 10 months female from kodikdik village/lokoma parish losidok subcounty,Amudat,11, ,Measles
2026-03-09,Alert Suspected measles 11 months female  fever rash and cough from kodikdik lokoma parish 25/2/2026,Amudat,11, ,Measles
2026-03-09,"Alert Measles suspected 4 yrs female from abongai village,karita sc",Amudat,11, ,Measles
2026-03-09,"ALERT; Sspected measles in a 2 year old child with skin rash and fevers at Nyabubale Village, Kiko TC",Kabarole,11, ,Measles
2026-03-09,Measles/Rubella,Kabarole,11, ,Measles
2026-03-09,"Alert suspected measles 8 months, female from kuro village naparokocha Parish, Karita sc 5/3/2026",Amudat,11, ,Measles
2026-03-09,"Alert suspected measles 1yr rash,fever cough fromnamusia viage karita 1/3/2026",Amudat,11, ,Measles
2026-03-09,"alert suspected measles 20yrs female, from naporokoch parish karita sc 2/3/26",Amudat,11, ,Measles
2026-03-09,alert suspected measles 2yrs male fever running nose fromkuro naporokocha  karita sc,Amudat,11, ,Measles
2026-03-09,"Alert suspected measles fever rash 2 months from kodikdik village,lokoma parish,karita sc",Amudat,11, ,Measles
2026-03-09,alert a 36 years old female being bitten by a domestic dog with unknown vaccination status suspected to be having rabies reported by dsfp lira,Lira,11, ,Rabies
2026-03-09,Measles/Rubella,Kasese,11, ,Measles
2026-03-09,"Alert a 4years and 11 months old boy from adekninovillage Adwoa parish presented at ogur HC IV with h/o fever, cough, running nose, redenning the eye, diarrhoea and rash suspected to be measles reported by victor DSFP Lira",Lira,11, ,Measles
2026-03-09,Measles/Rubella,Lira,11, ,Measles
2026-03-09,Measles/Rubella,Tororo,11, ,Measles
2026-03-09,"Alert  A  6year M suspect Measles from Koitangiro with skin rash, fever,  on 09/3/2026, by Isaac.",Tororo,11, ,Measles
2026-03-09,"Alert  A  2year M suspect M-POX from Koitangiro with skin rash, fever,  on 09/2/2026, by Isaac.",Tororo,11, ,Mpox
2026-03-09,Monkeypox,Tororo,11, ,Mpox
2026-03-09,Alert a 2 months  measles rubella suspect female kidodo railway central division  reported by muliro,Kasese,11, ,Measles
2026-03-08,"Alert a 21yr old was killed by a colleague after the late bitting his dog. He was killed using a panga.the killer is 17yrs old and he is on the run
",Namisindwa,10, ,Rabies
2026-03-08,"Other Emerging Infectious Disease (Small Pox, ILI, SARS)",Namisindwa,10, ,"Small Pox, ILI, SARS"
2026-03-08,Case given Td in Magale health centre 1V and referred at the district tomorrow for antirabies vaccine ,Namisindwa,10, ,Rabies
2026-03-08,Alert a boy of 12yrs was bitten by a stray dog in their home yesterday evening on the right leg ,Namisindwa,10, ,Rabies
2026-03-07,Measles/Rubella,Tororo,10, ,Measles
2026-03-07,Alert a 38 yrs M domestic dog bite on 6/3/2026 Masanda village Aisa Tego ward Northern city division Mbale city by Edward,Mbale city,10, ,Rabies
2026-03-07,Case received TD Vaccine and asked to monitor the dog for 10 days for signs and symptoms.,Mbale city,10, ,Rabies
2026-03-07,Monkeypox,Tororo,10, ,Mpox
2026-03-07,"Other Emerging Infectious Disease (Small Pox, ILI, SARS)",Namisindwa,10, ,"Small Pox, ILI, SARS"
2026-03-07,"Alert  A 9 year M suspect measles from Asinge with skin rash, fever, diarrhea on 23rd/2/2026, by Isaac.",Tororo,10, ,Measles
2026-03-07,the case missed measles rubella vaccination at 9 and 18 months. it is isolated and being managed at kibuku HCIV,Kibuku,10, ,Measles
2026-03-07,"Alert
a 2yr M has fever, skin rash, cough, coryza and conjuctivitis that started on 28/02/26 from bukatikoko, majala raish, goli goli s/c kibuku district. suspected measles . reported by Nakyeya haawa",Kibuku,10, ,Measles
2026-03-07,Measles/Rubella,Kibuku,10, ,Measles
2026-03-07,Case referred to Malukhu HC III for management  and the dog is under 10 days monitoring for symptoms,Mbale city,10, ,Rabies
2026-03-07,Alert a 31 yrs M dog bite 1/3/2026 wanyera cell Malukhu ward Industrial city division Mbale city by Edward,Mbale city,10, ,Rabies
2026-03-07,"Alert  A 6 year F suspect measles from A north with skin rash, fever, vommitting, diarrhea on 23rd/2/2026, by Isaac.",Tororo,10, ,Measles
2026-03-06,Dog under 10 days observation. case referred to Bufumbo HC IV for management,Mbale city,10, ,Rabies
2026-03-06,Dog under 10 days observation for signs and symptoms. Case referred to Namatala HC IV for management ,Mbale city,10, ,Rabies
2026-03-06,"Other Emerging Infectious Disease (Small Pox, ILI, SARS)",Namisindwa,10, ,"Small Pox, ILI, SARS"
2026-03-06,"Other Emerging Infectious Disease (Small Pox, ILI, SARS)",Mityana,10, ,"Small Pox, ILI, SARS"
2026-03-06,Alert 30 yrs M bitten by  domestic dog 13/2/2026 Bubilabi Namatala ward Industrial city division Mbale city by Edward ,Mbale city,10, ,Rabies
2026-03-06,Alert 13 yrs F dog bite 9/2/2026 Musola village Namalogo ward Industrial city division Mbale city by Edward,Mbale city,10, ,Rabies
2026-03-06,Dog under 10 days observation and client referred for management at Bungokho - Mutoto HC III,Mbale city,10, ,Rabies
2026-03-06,Alert 25 yrs M dog bite 19/2/2026 Namatala Industrial city Mbale city by Edward,Mbale city,10, ,Rabies
2026-03-06,Case referred to Bufumbo HC IV for anti-rabies and further management,Mbale city,10, ,Rabies
2026-03-06,Alert 22 yrs M bitten by dog Wanambwa cell Nkoma ward Northern city division Mbale city by Edward,Mbale city,10, ,Rabies
2026-03-06,Received 4 doses of anti-Rabies vaccine,Mbale city,10, ,Rabies
2026-03-05,Measles/Rubella,Mubende,10, ,Measles
2026-03-05,"Alert suspected measles.M/10 months from Kisingizi village, south div, Mubende municipality.rash,fever,red eyes,cough. onset 1/03/26.",Mubende,10, ,Measles
2026-03-05,"ALERT  a 9 yr f from Bukara, kibiito B unyangabu district who presented with  body rashes, fever cough on 28/2/2026.suspected measles case. baluko mugisa reporting.
",Bunyangabu,10, ,Measles
2026-03-05,case meets SCD of measles,Bunyangabu,10, ,Measles
2026-03-05,Measles/Rubella,Bunyangabu,10, ,Measles
2026-03-05,"Alert a 12 years old boy from aleka village, barrpii parish aromo presenting with fever, cough,  reddning of the eye and rash suspected to be measles reported by HSDSFP Erute North Lira",Lira,10, ,Measles
2026-03-05,Measles/Rubella,Lira,10, ,Measles
2026-03-05,Measles/Rubella,Tororo,10, ,Measles
2026-03-05,Polio,Namisindwa,10, ,Polio
2026-03-05,"Alert a 7 years old boy from aleka village, barrpii parish aromo presenting with fever, cough, running nose, reddning of the eye and rash suspected to be measles reported by HSDSFP Erute North Lira",Lira,10, ,Measles
2026-03-05,"Alert a 13 years old boy from adere C village, Acutkumu parish ayami presenting with fever, cough, running nose, reddning of the eye and rash suspected to be measles reported by HSDSFP Erute North Lira",Lira,10, ,Measles
2026-03-05,"Alert a 11 years old boy from adyere C village, Acutkumu parish ayami presenting with fever, cough, running nose, reddning of the eye and rash suspected to be measles reported by HSDSFP Erute North Lira",Lira,10, ,Measles
2026-03-04,"Other Emerging Infectious Disease (Small Pox, ILI, SARS)",Mityana,10, ,"Small Pox, ILI, SARS"
2026-03-04,Polio,Mityana,10, ,Polio
2026-03-04,"Alert a M15yrs old suspected of Polio (AFP) presented with sudden onset of  paralysis of the right leg and the right arm. KJ is a resident of Sirobera, Kalangaalo, Kalangaalo, Mityana District",Mityana,10, ,Acute Flaccid Paralysis
2026-03-04,Alert 18/male suspected of Mpox skin rash fever headache swollen lymph nodes date of on set 28th Feb 2026 Buwangwa Busano Mbale District by Isaac ,Mbale,10, ,Mpox
2026-03-04,Monkeypox,Mbale,10, ,Mpox
2026-03-04,"Alert
a 1 Yr M was bitten by a dog from from kasasira II, Kasasira town council kibuku district",Kibuku,10, ,Rabies
2026-03-04,Alert suspected rabid dog bite ,Bukwo,10, ,Rabies
2026-03-04,Monkeypox,Tororo,10, ,Mpox
2026-03-03,"Found a wrapped body in a bag but it was a dead pig from unknown source and unknown death. Matter was reported to police, body buried.",Bududa,10, ,Death
2026-03-03,"Alert suspected anthrax 14yrs male, skin eschars",Amudat,10, ,Anthrax
2026-03-03,Anthrax,Amudat,10, ,Anthrax
2026-03-03,"Alert suspected measles  9 months,male from Kodikdik village,lokoma parish losidok subcounty,amudat district on 25/2/2026 ",Amudat,10, ,Measles
2026-03-03,Measles/Rubella,Amudat,10, ,Measles
2026-03-03,"Alert suspected measles 9month male from kangenoi village losidok subcounty, Amudat district on 25/2/2026",Amudat,10, ,Measles
2026-03-03,"Alert suspected  measles, 2 years,male from Lotetia village, cheptapoyo parish,losidok sub county,amudat district on25/2/2026",Amudat,10, ,Measles
2026-03-03,Rabies,Bukwo,10, ,Rabies
2026-03-03,"Other Emerging Infectious Disease (Small Pox, ILI, SARS)",Fort portal city,10, ,"Small Pox, ILI, SARS"
2026-03-03,Measles/Rubella,Bududa,10, ,Measles
2026-03-03,"Child met case definition for measles,specimen taken off and shipped to UVRI throughthe hub",Bududa,10, ,Measles
2026-03-03,"Alert suspected measles 7months, male from kagworobu village,karita sc,amudat district On 24/2/2026",Amudat,10, ,Measles
2026-03-03,"Alert suspected measles, female 5months,from Namodo village karita sc amudat district on 26/2/2026 ",Amudat,10, ,Measles
2026-03-03,Alert suspected measles male 11 Ajurwi village karita subcounty amudat district on 23/2/2026,Amudat,10, ,Measles
2026-03-02,Alert suspected dog bite male aged 18yr old from Makerere II zone C.,Kawempe division,10, ,Rabies
2026-03-02,Polio,Manafwa,10, ,Polio
2026-03-02,Suspected polio in 9year male with limping of the right Leg,Manafwa,10, ,Polio
2026-03-02,Monkeypox,Kawempe division,10, ,Mpox
2026-03-02,"Alert suspected mpox Female  aged 24yrs with signs and symptoms Rashes, fever ,headache, sore throat, onset 5/2/26",Kawempe division,10, ,Mpox
2026-03-02,"Male 28yrs from waksio  suspected mpox with signs of rashes, fever. Sore thorat that started on 15/02/2026.",Kawempe division,10, ,Mpox
2026-03-02,Monkeypox,Kasese,10, ,Mpox
2026-03-02,Polio,Kasese,10, ,Polio
2026-03-02,"alert verified, client linked to Kibuku H/CIV for initiation on anti rabies",Kibuku,10, ,Rabies
2026-03-02,Alert Mpox suspect 20 years  Male skin rash headache joint pain fever on set 3-2-2026 in Katero kasese reported by grace ,Kasese,10, ,Mpox
2026-03-02,Suspested 6y male measles case presentting witg fever rash running nose,Manafwa,10, ,Measles
2026-03-02,Alert suspected dog bit female 25yrs old from kawempe I tula road.,Kawempe division,10, ,Rabies
2026-03-02,"Alert Mpox suspect  ID 26 years female skin rasH, fever on set 15-2-2026 in  Nyamwamba reported by Leebu",Kasese,10, ,Mpox
2026-03-02,"Alert Mpox suspect SM 26 years female skin rash headach, fever on set 5-2-2026 in Kyanzi reported by Jamila VHT",Kasese,10, ,Mpox
2026-03-02,"Alert Mpox suspect JB 20 years female skin rash headach, fever and headache  on set 5-2-2026 in Kidodo  Mpondwe reported by VHT",Kasese,10, ,Mpox
2026-03-02,"28 year Female  suspect of mpox presented with rash, fever, sore throat and swollen lymph nodes, from kizza kawempe I",Kawempe division,10, ,Mpox
2026-03-02,Alert suspected measles Female aged 5yrs with signs and symptoms rash onset 6th/1/2025 from kazo angola kawempe ,Kawempe division,10, ,Measles
2026-03-02,"Alert Mpox suspect JB years Male skin rash headach, fever and joint pain on set 21-2-2026 in  Hiima reported by Leebu",Kasese,10, ,Mpox
2026-03-02,Measles/Rubella,Kawempe division,10, ,Measles
2026-03-02,"Alert 
a 55 yr F was bitten by a stray dog from  bugwere village,bunghole parish, buseta s/c, kibuku district. By Nakyeya Haawa",Kibuku,10, ,Rabies
2026-03-02,"Alert Mpox suspect FZ 19 years female skin rash headach, fever on set 5-2-2026 in River Mpondwe  reported by VHT",Kasese,10, ,Mpox
2026-03-02,Monkeypox,Tororo,10, ,Mpox
2026-03-01,Measles/Rubella,Mbale city,9, ,Measles
2026-03-01,Alert 4yrs F suspected Measles  rash fever cough running nose started 17/2/2026 Bufumbo HC IV Mbale city by Ferara ,Mbale city,9, ,Measles
2026-03-01,Alert 5 yrs M suspected Measles Rubella fever body rash running nose started 15/2/2026 Gizambe cell Bumuluya ward Northern division Mbale city by Ferara Yaweri,Mbale city,9, ,Measles
2026-03-01,Alert a female of 12yrs was bitten by a dog in their home wound cleaned and referred to chrisco h/C 3 given Td and referred to Namisindwa for anti rabies ,Namisindwa,9, ,Rabies
2026-03-01,"Given antibodies and told to come back in April for 2nd dose,told to watch the dog for weeks ",Namisindwa,9, ,Rabies
2026-03-01,Monkeypox,Makindye division,9, ,Mpox
2026-03-01,"Alert O.G male 43yrs old suspected mpox with signs and symptoms rashes, fever lesions and body pain from Wabigalo ",Makindye division,9, ,Mpox
2026-02-27,"Alert k.T F aged 20yrs suspect of mpox with signs and symptoms  fever, Nausea, rashes from kansanga ",Makindye division,9, ,Mpox
2026-02-27,Monkeypox,Makindye division,9, ,Mpox
2026-02-27,"Alert suspected mpox F 23yrs old sexual worker from kataba Kabalagala with signs and symptoms lesions, rashes, fever.",Makindye division,9, ,Mpox
2026-02-27,"Alert A.A female 35yrs old mpox  suspect wit signs and symptoms  fever, cough, rashes and lesions from Kabalagala ",Makindye division,9, ,Mpox
2026-02-27,Alert M.D aged 41yrs old from kiruddu RRH suspected mpox with signs and symptoms rashes fever ,Makindye division,9, ,Mpox
2026-02-27,"Alert N.E female 26yrs old suspected mpox with signs and symptoms rashes, lesions fever from Wabigalo ",Makindye division,9, ,Mpox
2026-02-27,Measles/Rubella,Budaka,9, ,Measles
2026-02-27,Case was managed for chicken pox and improved,Mbale city,9, ,Chicken Pox
2026-02-27,Alert 13 months F suspect mpox fever running nose skin lesions started 25/1/2026 Katwaka cell Bumutoto ward Industrial city Mbale city by Moses,Mbale city,9, ,Mpox
2026-02-27,"Other Emerging Infectious Disease (Small Pox, ILI, SARS)",Moroto,9, ,"Small Pox, ILI, SARS"
2026-02-27,Monkeypox,Mbale city,9, ,Mpox
2026-02-27,Polio,Bukwo,9, ,Polio
2026-02-27,"Alert suspected dog bite 1yr/M bitten by a stray dog yesterday at kwirwot cell, kwirwot ward Suam Town council. ",Bukwo,9, ,Rabies
2026-02-27,Polio,Namisindwa,9, ,Polio
2026-02-27,"Other Emerging Infectious Disease (Small Pox, ILI, SARS)",Bududa,9, ,"Small Pox, ILI, SARS"
2026-02-27,"Alert suspected mpox F aged 28yrs old from Kabalagala kataba with signs and symptoms rashes, fever, lesions ",Makindye division,9, ,Mpox
2026-02-27,"Child was brought to Bubungih health centre 3 tested for malaria which was positve, treated and healed. Had severe a
Malaria",Bududa,9, ,Malaria
2026-02-27,Cholera,Bududa,9, ,Cholera
2026-02-26,Perinatal Death,Kibuku,9, ,Death
2026-02-26,The case was referred to tororo being a near by facility with rabies ,Namisindwa,9, ,Rabies
2026-02-26,Alert a male of 53yrs of age bitten by a dog in his home ,Namisindwa,9, ,Rabies
2026-02-26,Polio,Mbale city,9, ,Polio
2026-02-26,"Alert
a lifeless baby was delivered at Kibuku HCIV, kobolwa village, kobolwa ward, kibuku T/C, kibuku district on 22/02/2026 .. a macerated still birth By Nakyeya Haawa",Kibuku,9, ,Still Birth
2026-02-26,Case verified and referred to Bumbo HC IV for rabies vaccination and further management,Mbale city,9, ,Rabies
2026-02-26,Cholera,Mbale city,9, ,Cholera
2026-02-26,Alert 70yr M suspected cholera vomiting watery diarrhoea abdominal pain started 2/1/2026 Kiteso cell Namakwekwe Mbale city by Edward,Mbale city,9, ,Cholera
2026-02-26,Alert 12yr M bitten by domestic dog 21/1/2026 Namabasa Zone B Cell Namabasa Ward Mbale City by Edward,Mbale city,9, ,Rabies
2026-02-26,Monkeypox,Mbale city,9, ,Mpox
2026-02-26,Rabies,Lira,9, ,Rabies
2026-02-26,"Alert a child of 9 years presented at Oribcing village, Ayara Parish, Alito Sub County Kole with H/O being bitted by a stray dog reported by okwir victor DSFP, Lira District",Lira,9, ,Rabies
2026-02-26,Alert 26yr F suspected Mpox fever skin rash headach body itching started 22/2/2026 Namabasa zone 1 Mbale city Namatala HC IV by Edward,Mbale city,9, ,Mpox
2026-02-26,Anthrax,Mbale city,9, ,Anthrax
2026-02-26,"Other Emerging Infectious Disease (Small Pox, ILI, SARS)",Kibuku,9, ,"Small Pox, ILI, SARS"
2026-02-26,Is male baby with paralysis left by the names wambwa Josephat.samples. taken for polio ,Manafwa,9, ,Polio
2026-02-26,Aert 1 1/2yr female  suspected measles fever cough and skin rash,Manafwa,9, ,Measles
2026-02-26,Measles/Rubella,Manafwa,9, ,Measles
2026-02-26,Alert a cow died suddenly on 29/1/2026 suspected anthrax loss of appetite body weakness Bumuluya cell Bukonde Mbale city by Edward ,Mbale city,9, ,Death
2026-02-26,Polio,Manafwa,9, ,Polio
2026-02-26,Suspect measles in 9month child having flu fever and skin rash,Manafwa,9, ,Measles
2026-02-25,"Suspected measles case in 9month female  child by the names 
Nakhayenze constance",Manafwa,9, ,Measles
2026-02-25,Measles/Rubella,Manafwa,9, ,Measles
2026-02-25,"4yr Male suspected measles
Watery stool ,fever badyache and rash",Manafwa,9, ,Measles
2026-02-25,Walimbwa Eddy presenting with fever urine in blood MRDT positive suspected black water fever(compliacated malaria refered bugobero hc iv,Manafwa,9, ,Malaria
2026-02-24,Measles/Rubella,Kibuku,9, ,Measles
2026-02-24,Polio,Mbale,9, ,Polio
2026-02-24,Alert 4yr male suspected polio paralysis of left leg 10/8/25 Muruba Nyondo Mbale district by Betty ,Mbale,9, ,Polio
2026-02-24,"Alert suspected measles . 11months  from bwanda village, kiganda subcounty,mubende district, fever,cough,rash running nose, onset 14/12/2026",Mubende,9, ,Measles
2026-02-24,Measles/Rubella,Mubende,9, ,Measles
2026-02-24,"Case has been verified as true AFP, samples are being pick  for polio investigation ",Manafwa,9, ,Acute Flaccid Paralysis
2026-02-24,Polio,Lira,9, ,Polio
2026-02-24,"Alert a child of 9 years presented at Rock village, Adyaka Parish, Agali Sub County with weakness of the Left Leg suspected to be Polio reported by Okuk Brian HA Agali HC III, Lira District",Lira,9, ,Polio
2026-02-24,Polio,Manafwa,9, ,Polio
2026-02-23,Polio,Kibuku,9, ,Polio
2026-02-23,"Alert
6 yr M was bitten by a dog from kiryolo village, kiryolo parish, lwatama s/c kibuku district. Animal bite reported by Nakyeya haawa",Kibuku,9, ,Rabies
2026-02-23,alert was verified and victim was initiated on anti rabies vaccine,Kibuku,9, ,Rabies
2026-02-23,B/S ++ NOTED. Uncomplicated malaria. Was treated from Butiru chrisco hospital,Manafwa,9, ,Malaria
2026-02-23,"Alert 72M was bitten by adog. NO clear vaccination reccord of the dog. This happened on 23/Feb /2026 from Namejje village, Kituti parish, Kitutu s/c, Kibuku district. By Nakyeya Haawa",Kibuku,9, ,Rabies
2026-02-23,"Alert verified, case initiated on anti rabies
Engaged DVO for vaccination of animals",Kibuku,9, ,Rabies
2026-02-23,Monkeypox,Fort portal city,9, ,Mpox
2026-02-23,"Alert suspected Mpox 27yr m with sore throat, cough, body rush, general body weakness, chills from bukwali, central division by moses",Fort portal city,9, ,Mpox
2026-02-23,Turned negative for mpox,Fort portal city,9, ,Mpox
2026-02-23,Measles/Rubella,Manafwa,9, ,Measles
2026-02-23,Measles/Rubella,Namisindwa,9, ,Measles
2026-02-23,Suspected measles in 4yr old  female have cough flu and rash in the face,Manafwa,9, ,Measles
2026-02-23,Alert 21yrs male suspected rabies stray dog bite 22nd Feb 2026 Makhuyu Busiu Mbale by Namutosi immaculate ,Mbale,9, ,Rabies
2026-02-22,Measles/Rubella,Karenga,8, ,Measles
2026-02-22,Man bitten by a dog in kibalola village bunangabo parish  manafwa District,Manafwa,8, ,Rabies
2026-02-22,Patient refered to DVO then treated and vaccinated with antirabies from Butiru chrisco health centre 3,Manafwa,8, ,Rabies
2026-02-21,"alert
3 Yr F has fever, skin rash,red eyes and running nose that started on 16/02/2026 from bwikomba village, mavungo parish, nandere sub county kibuku district suspected measles by Dhakaba Nai",Kibuku,8, ,Measles
2026-02-21,Measles/Rubella,Kibuku,8, ,Measles
2026-02-21,"alert
1 yr F has fever, skin rash and running nose that started on 18/02/2026 from kadama cell, kadama ward, kadama town council kibuku district. suspected measles by dhakaba nai dsfp",Kibuku,8, ,Measles
2026-02-21,"sample was collected , suspected turned positive Malaria",Kasese,8, ,Malaria
2026-02-21,Monkeypox,Kasese,8, ,Mpox
2026-02-21,Alert Mpox suspect 68 years Male skin rash headache joint pain fever on feb-17 2026 in Mahango  kasese reported by Amza ,Kasese,8, ,Mpox
2026-02-21,CongenitalRubellaSyndrome,Kibuku,8, ,Measles
2026-02-21,"Alert
9Yr F has fever, skin rash, resd eyes started on 16/02/2026 from kadama cell, kadama ward, kadama town council kibuku district suspected measles By Dhakaba Nai",Kibuku,8, ,Measles
2026-02-21,"Alert
10 year male was bitten by a dog from kadama cell, kadama ward, kadama Town council kibuku district suspected rabies by Dhakaba Nai",Kibuku,8, ,Rabies
2026-02-21,The alert was verified however the dog was domestic and the bite was as a response to self defense so there were no features linking to rabbies.,Kibuku,8, ,Rabies
2026-02-20,4yr old F from Ajepet gogonyo SC pallisa district suspected measles with red eyes fever and rash on 15/2/2026.By Magoola,Pallisa,8, ,Measles
2026-02-20,Measles/Rubella,Pallisa,8, ,Measles
2026-02-20,Polio,Kakumiro,8, ,Polio
2026-02-20,Alert a 25yr old man bitten by a dog referred to Magale health Centre 1V given tetanus after referred to district for antirabies  vaccine ,Namisindwa,8, ,Rabies
2026-02-20,Measles/Rubella,Mbale,8, ,Measles
2026-02-20,Alert 5year/male suspected measles rash fever cough Naiku Bumbobi Mbale BY Isaac,Mbale,8, ,Measles
2026-02-19,"Alert suspected Measles case a 48 month/M started on 6/2/2026 from Kalapata village Akokor parish Lemusui S/C Nakapiripirit district by Onyait Moses
",Nakapiripirit,8, ,Measles
2026-02-19,Measles/Rubella,Nakapiripirit,8, ,Measles
2026-02-19,"Alert E.M 35yrs old bitten by dog.
From kisugu health center ",Makindye division,8, ,Rabies
2026-02-19,Alert M.A female  30yrs old biten by dog  from konge,Makindye division,8, ,Rabies
2026-02-19,Measles/Rubella,Lira,8, ,Measles
2026-02-19,"Alert a child of 36 months reported by CHEWs in Atongo-imoco village Apoka parish, presenting with fever, conjunctiva, rash, cough and running nose suspected to be measles reported by Robina CHEW on 18/02/2026	",Lira,8, ,Measles
2026-02-19,"Alert a child of 20 months reported by CHEW in Atongo imoco village Apoka parish, presenting with fever, rash, cough, conjuntiva and running nose suspected to be measles reported by robina CHEW on 18/02/2026	",Lira,8, ,Measles
2026-02-19,Polio,Bundibugyo,8, ,Polio
2026-02-19,"An Alert, Suspected Polio(AFP), A1 yr old with a weakness in the lower limb that started on 5/2/2026. seen in Dumba village, bundibugyo T/C. BY VHT",Bundibugyo,8, ,Acute Flaccid Paralysis
2026-02-19,"An Alert, polio, a 2 months old with weakness in the upper left limp that started on 28/12/2025. seen in Busunga T/C IN Bundibugyo District. Reported by Mr Musangania",Bundibugyo,8, ,Polio
2026-02-19,"An Alert, A 1 yr old suspected of AFP(POLIO) with a weakness in the left foot(Foot Drop) that started on 15/1/2026. seen in Masule 2, Kirindi, Busaru s/c, Bundibugyo. By Jesca.",Bundibugyo,8, ,Acute Flaccid Paralysis
2026-02-19,"Alert a child of 48 months reported by CHEWs in wicioremo village Apoka parish, presenting with fever, rash, cough and running nose suspected to be measles reported by robina CHEW on 18/02/2026",Lira,8, ,Measles
2026-02-19,Polio,Manafwa,8, ,Polio
2026-02-19,Alert 6yr/M suspected MEASLES CASE signs started on 9/2/2026 from Moruakimat Alapat Lemusui S/C in Nakapiripirit district by Onyait Moses,Nakapiripirit,8, ,Measles
2026-02-19,Measles/Rubella,Bunyangabu,8, ,Measles
2026-02-19,Polio,Bunyangabu,8, ,Polio
2026-02-18,Alert A.N 5yrs female  biten  by dog from Mbuya,Makindye division,8, ,Rabies
2026-02-18,Given anti rabies ,Makindye division,8, ,Rabies
2026-02-18,Rabies,Kakumiro,8, ,Rabies
2026-02-18,Measles/Rubella,Makindye division,8, ,Measles
2026-02-18,"Alert J.M male child from busabala  suspected measles with signs rashes, fever and cough from Nsambya Hospital ",Makindye division,8, ,Measles
2026-02-18,"Alert 1yrs male suspected measles with skin rash, Fever and cough started 1/02/2026  in Rubumbo,  Nkooko Sc by kereb",Kakumiro,8, ,Measles
2026-02-18,Measles/Rubella,Kakumiro,8, ,Measles
2026-02-18,"Alert 14yrs male dog bite in Bwikaragye, Kisiita, Kakumiro District by Kiiza Alex",Kakumiro,8, ,Rabies
2026-02-18,Alert R.A Female 1and 6month biten by dog from St Francis Nsambya Hospital ,Makindye division,8, ,Rabies
2026-02-18,"Alert 8yrs male dog bite in Kabarungi, Nkooko, Kakumiro district by Clinicuan at Giude medical clinic Rutooma-Nkooko",Kakumiro,8, ,Rabies
2026-02-18,"Alert suspected measles N.R 3yrs with signs rashes, cough and fever from military barracks health centre makindye",Makindye division,8, ,Measles
2026-02-17,Polio,Bulambuli,8, ,Polio
2026-02-17,"Alert;A 3yr F with paralysed legs after geting injection for malaria ,fever,in july 2025 from Admin cell,Admin ward Bulambuli TC Bulambuli DLG by Dinah DSFP.
",Bulambuli,8, ,Malaria
2026-02-17,Measles/Rubella,Tororo,8, ,Measles
2026-02-17,Monkeypox,Hoima city,8, ,Mpox
2026-02-17,Monkeypox,Fort portal city,8, ,Mpox
2026-02-17,Monkeypox,Tororo,8, ,Mpox
2026-02-17,"Two reported mortality  due to animal bites (suspected rabies) at Hoima Regional Referral hospital. The exact places of origin (residences) of the the deceased not know as to whether they were from the City or districts in the region
total animal bites for the previous week at the hospital were 17 an alarming rate",Hoima city,8, ,Rabies
2026-02-17,"A 19 year old female student presents with high fever, swollen lymph-nodes, Headache, muscle pain, oral ulcers, Body lesions and sore throat (suspected Mpox)  ",Hoima city,8, ,Mpox
2026-02-17,"A 14 year old female student presents with high fever, swollen lymph-nodes, Headache, muscle pain, oral ulcers, Body lesions and sore throat (suspected Mpox)",Hoima city,8, ,Mpox
2026-02-17,"A 7 year old female presents with high fever, swollen lymph-nodes, Headache, muscle pain, oral ulcers, Body lesions and sore throat (suspected Mpox)",Hoima city,8, ,Mpox
2026-02-17,Polio,Nakapiripirit,8, ,Polio
2026-02-17,"A 45 Year old male who presented with signs and symptoms fever, blisters ,swelling and pain suggestive of cutaneous Anthrax on 16/2/2026 in Korite village , Korite parish, Sundet SC, Kween district. This followed exposure of skinning, dissecting,cutting distributing meat of dead cow that die suddenly on 2/2/2026 in the neighbourhood of Sukunya village, Sundet SC Kween district that belonged to the Pockot herdsmen",Kween,8, ,Death
2026-02-17,Anthrax,Kween,8, ,Anthrax
2026-02-17,Alert M.J male 20yrs old biten by dog from Nsambya Police Health Facility ,Makindye division,8, ,Rabies
2026-02-17,Alert a suspected measles case with rush fever cough,Namisindwa,8, ,Measles
2026-02-17,Alert 18yr old male from Katajulah bitten by a dog on 19/1/2026,Tororo,8, ,Rabies
2026-02-17,Alert 15 Yr old female bitten by a dog in Maundo on 3/2/2026,Tororo,8, ,Rabies
2026-02-17,Alert 12 Yr Male from Senda Kirewa sub county bitten by a dog on 13th Jan 2026,Tororo,8, ,Rabies
2026-02-17,Alert 14year old male bitten by a dog in Maundo on 9/2/2026,Tororo,8, ,Rabies
2026-02-17,Measles/Rubella,Namisindwa,8, ,Measles
2026-02-16,Alert B.N Female 49yrs biten by dog in kizungu makindye division by Mukyala mabirizi Nursing home ,Makindye division,8, ,Rabies
2026-02-16,Measles/Rubella,Makindye division,8, ,Measles
2026-02-16,Given  anti Rabies vaccine  at Mukyala mabirizi Nursing home ,Makindye division,8, ,Rabies
2026-02-16,Alert 3yrs male suspected of measles signs rash fever cough cough date of onset 12/2/2026 JEWA TC Mbale by Sam ,Mbale,8, ,Measles
2026-02-16,"Alert 6yrs old male suspected measles with signs rashes, fever from Nakulyabye m.c makindye ",Makindye division,8, ,Measles
2026-02-16,Alert 3yrs male suspected measles with rashes and fever in Nakulyabye m.c makindye division ,Makindye division,8, ,Measles
2026-02-16,Measles/Rubella,Mbale,8, ,Measles
2026-02-16,2 yr old male suspected AEFI with malaria vaccine 4th feb 2026 kibale TC pallisa . By Oriada,Pallisa,8, ,Malaria
2026-02-16,Over 20 houses destroyed wiz 2 deaths registered by rain storm 15th feb 2026 kibale TC Pallisa district,Pallisa,8, ,Death
2026-02-16,Measles/Rubella,Abim,8, ,Measles
2026-02-16,"Alert 2yrs old female suspected measles with signs rashes,fever  and cough from hope clinic  Lukuli ",Makindye division,8, ,Measles
2026-02-16,Case was given Td and referred to district for anti rabies vaccine ,Namisindwa,8, ,Rabies
2026-02-16,Alert 26yrs old male  biten by dog from konge makindye division ,Makindye division,8, ,Rabies
2026-02-15,"Alert suspected measles, m/36mths, from ebweyendere village,Kabowa parish ,kasambya sucounty,mubende district. fever,rash,cough, flu, onset 14/02/2026",Mubende,7, ,Measles
2026-02-15,Measles/Rubella,Mubende,7, ,Measles
2026-02-15,"Alert suspected measles, m/4mths, from kamusenene village,kasaana , misozi parish,kiganda subcounty, fever,rash,cough, r onset 10/02/2026",Mubende,7, ,Measles
2026-02-15,Polio,Budaka,7, ,Polio
2026-02-14,alert measles suspect 28month year female with a history of fever runny nose rush and cough from karenga town council church of uganda village,Karenga,7, ,Measles
2026-02-14,Measles/Rubella,Karenga,7, ,Measles
2026-02-14,alert suspected measles 16 months male with runny nose itchy eyes fever cough from kamukoi south village karenga town council karenga district,Karenga,7, ,Measles
2026-02-14,The child received only dose one of Measles/Rubella vaccine on 28/12/2020. Sample was collected and sent to UVRI-EPI Lab for diagnosis,Mbale city,7, ,Measles
2026-02-14,Measles/Rubella,Mbale city,7, ,Measles
2026-02-14,Monkeypox,Kween,7, ,Mpox
2026-02-14,Alert 5yrs F suspected Measles/Rubella fever rash cough running nose date of onset 10/2/2026 Nabitende cell Nakaloke hc 3 Mbale city by Edward,Mbale city,7, ,Measles
2026-02-14,Case tested malaria postive and referred to Mbale RRH for case management,Mbale city,7, ,Malaria
2026-02-14,alert suspected measles 7month female with fever rush runny nose cough from karenga TC kathil vilage karenga district,Karenga,7, ,Measles
2026-02-14,Alert 6yr F suspected measles/rubella body rash fever cough running nose started 20/1/2026 fika salama Nakaloke TC Mbale city by Edward,Mbale city,7, ,Measles
2026-02-14,Alert suspected measles 3 year old male from the village of churcgh of uganda karenga town coucil karenga district with a runny nose itchy eyes fever and a rush,Karenga,7, ,Measles
2026-02-13,"alert,suspected measles,7 month female with rush,fever runny nose,itchy eyes fromkarenga town council,kathil parish,karenga town councilkarenga district",Karenga,7, ,Measles
2026-02-13,Measles/Rubella,Karenga,7, ,Measles
2026-02-13,"ALERT SUSPECTED M POX 1 YEAR OLD FEMALE FROM MOTIRE,TAPAC,KATIKEKILE,MOROTO WITH COUGH,FEVER,SKIN RASH,FAST BREATHING",Moroto,7, ,Mpox
2026-02-13,alert 3-year-old female suspected measles case with fever rush itchy eyes cough from karenga town council karenga parish kamukoi church of uganda,Karenga,7, ,Measles
2026-02-13,Monkeypox,Kawempe division,7, ,Mpox
2026-02-13,"Alert. Suspected measles a 4yr female with fever, skin rash and runny nose from Riwo bukwo",Bukwo,7, ,Measles
2026-02-13,Measles/Rubella,Bukwo,7, ,Measles
2026-02-13,Measles/Rubella,Makindye division,7, ,Measles
2026-02-13,Alert suspected measles Female 1month with signs and symptoms rashes fever on set 7th/1/26 from  martyr family clinic  Gaba makindye division ,Makindye division,7, ,Measles
2026-02-13,Monkeypox,Moroto,7, ,Mpox
2026-02-13,"ALERT SUSPECTED MONKEY POX,2 WEEKS OLD MALE BABY WITH FEVER,GENERALISED RASH AND RESPIRATORY DISTRESS AT MOROTO RRH NICU WARD",Moroto,7, ,Mpox
2026-02-13,It was a false alarm. Dog vaccinated ,Bukwo,7, ,Rabies
2026-02-13,Alert suspected dog bite ,Bukwo,7, ,Rabies
2026-02-13,Measles/Rubella,Kibuku,7, ,Measles
2026-02-13,Alert female aged 26yrs suspected mpox onset started 11/8/25 from tula kawempe I,Kawempe division,7, ,Mpox
2026-02-13,11 month male has fever rash running nose and red eyes. started on 08/02/2026 from kadama cell kadama ward kadama town council kibuku district. suspected measles reported by Dhakaba Nai,Kibuku,7, ,Measles
2026-02-12,Measles/Rubella,Lira,7, ,Measles
2026-02-12,"Alert a child of 9 months reported at barr HC III presenting with fever, rash, cough and running nose suspected to be measles reported by HSDFP ",Lira,7, ,Measles
2026-02-12,Measles/Rubella,Namisindwa,7, ,Measles
2026-02-12,Alert  a measles cases came from Kenya having all signs of measles ,Namisindwa,7, ,Measles
2026-02-12,Alert 14year male suspected of Mpox rash fever nosopharygeal sores headaches date of onset 10th Feb 2026 Muruba Nyondo Mbale District ,Mbale,7, ,Mpox
2026-02-12,Monkeypox,Mbale,7, ,Mpox
2026-02-12,Measles/Rubella,Mbale,7, ,Measles
2026-02-12,3 year old female suspected of measles fever conjunctivitis coryza date of onset 6/02/2026 NAMAWANGA Lukhonje by Simon ,Mbale,7, ,Measles
2026-02-12,Alert  a dog bite male of years was  bitten by a suspected rabid dog on 27th January 26,Namisindwa,7, ,Rabies
2026-02-12,Polio,Namisindwa,7, ,Polio
2026-02-12,Alert a measles suspect in Bukhabusi bukimaswa bukumeti village ,Namisindwa,7, ,Measles
2026-02-12,Alert a boy of 12yrs was bitten by  stray dog ,Namisindwa,7, ,Rabies
2026-02-12,A boy was given  anti rabies and TD,Namisindwa,7, ,Rabies
2026-02-12,"A.M 41yrs old Male from Kawempe suspected Mpox with signs and symptoms cough ,fever, body weakness.",Kawempe division,7, ,Mpox
2026-02-12,Monkeypox,Kawempe division,7, ,Mpox
2026-02-12,"Alert female 16yrs old suspected mpox with signs and symptoms cough ,fever and general weakness. Onset 5/1/26",Kawempe division,7, ,Mpox
2026-02-12,"Alert measles suspect having running nose, macula popular rush fever red eyes ",Namisindwa,7, ,Measles
2026-02-12,Alert suspected measles male aged 11yrs with signs and symptoms rash onset 6th/1/2026.corner kazo angola,Kawempe division,7, ,Measles
2026-02-12,Measles/Rubella,Kawempe division,7, ,Measles
2026-02-12,"alert suspected dog bite 75year old male from lowala village,komolcher parish komolcher sub county karenga district",Karenga,7, ,Rabies
2026-02-11,Measles/Rubella,Tororo,7, ,Measles
2026-02-11,Alert 5 year female suspected Measles case in St Anthony's hospital Tororo,Tororo,7, ,Measles
2026-02-11,Alert 11yr male bitten by dog in Achilet B ,Tororo,7, ,Rabies
2026-02-11,"Other Emerging Infectious Disease (Small Pox, ILI, SARS)",Kakumiro,7, ,"Small Pox, ILI, SARS"
2026-02-11,Polio,Moroto,7, ,Polio
2026-02-11,Given antirabies ,Tororo,7, ,Rabies
2026-02-11,Alert 11 Year old M in Malaba Obore bitten by a dog ,Tororo,7, ,Rabies
2026-02-11,Given antirabies,Tororo,7, ,Rabies
2026-02-11,"ALERT 8year female bitten by a dog from the neighbourhood in magodes, Molo",Tororo,7, ,Rabies
2026-02-11,"Other Emerging Infectious Disease (Small Pox, ILI, SARS)",Nakaseke,7, ,"Small Pox, ILI, SARS"
2026-02-11,Got Anti rabies,Tororo,7, ,Rabies
2026-02-11,"Alert 4 year Male bitten by a stray dog in Agururu B1, Tororo",Tororo,7, ,Rabies
2026-02-11,Alert 5 year old female bitten by a stray dog,Tororo,7, ,Rabies
2026-02-11,Given anti rabies,Tororo,7, ,Rabies
2026-02-11,"Alert 6 year Male bitten by a dog in Wikus, Kirewa SC Tororo",Tororo,7, ,Rabies
2026-02-11,Polio,Namisindwa,7, ,Polio
2026-02-11,Polio,Kibuku,7, ,Polio
2026-02-11,Monkeypox,Namisindwa,7, ,Mpox
2026-02-11,Rabies,Namisindwa,7, ,Rabies
2026-02-11,Alert a 12yr old boy was bitten by a dog ,Namisindwa,7, ,Rabies
2026-02-11,alert suspected measles 8yrs male 03/02/2026 nyelechom lTororo district,Tororo,7, ,Measles
2026-02-10,Measles/Rubella,Mubende,7, ,Measles
2026-02-10,"Alert suspected measles, f/13 mths, from kansanja, madudu, mubende  district, fever,rash,cough, running nose, onset 26/01/2026",Mubende,7, ,Measles
2026-02-10,"Alert suspected measles, m/71 mths, from kyabogo village,kasaana ward,west div, mubende mmc, fever,rash,cough, running nose, onset 28/01/2026",Mubende,7, ,Measles
2026-02-10,4year old suspected of measles signs and symptoms fever rash cough and conjunctivitis ,Mbale,7, ,Measles
2026-02-10,Measles/Rubella,Mbale,7, ,Measles
2026-02-10,Alert F 5yrs suspected chicken pox rashes on the legs started on 2/1/2026 Auyo Tororo opio,Tororo,7, ,Chicken Pox
2026-02-10,"Other Emerging Infectious Disease (Small Pox, ILI, SARS)",Tororo,7, ,"Small Pox, ILI, SARS"
2026-02-10,Alert suspected yellow fever case 6year old female at Bison,Tororo,7, ,Yellow Fever
2026-02-10,9 year male suspected of stay dog bite ,Mbale,7, ,Rabies
2026-02-10,All the victims got Vaccinated with rabies vaccine ,Tororo,7, ,Rabies
2026-02-10,Alert a stray dog bites 8 people in one day in apetai Tororo,Tororo,7, ,Rabies
2026-02-10,Rabies,Tororo,7, ,Rabies
2026-02-10,Suspected measles case in the community ,Mbale,7, ,Measles
2026-02-10,Alert suspected anthrax two animals dead ,Tororo,7, ,Death
2026-02-10,Anthrax,Tororo,7, ,Anthrax
2026-02-09,"alert suspected measles case  6yrs male developed signs on 7/02/2026 lemusui, lemusui, lemusui SC Nakapiripirit District",Nakapiripirit,7, ,Measles
2026-02-09,Measles/Rubella,Nakapiripirit,7, ,Measles
2026-02-06,Measles/Rubella,Bulambuli,6, ,Measles
2026-02-06,Alert suspected Measles 2yrs f campswahilli campswahilli kaabong District ,Kaabong,6, ,Measles
2026-02-06,Polio,Kyegegwa,6, ,Polio
2026-02-06,Monkeypox,Mubende,6, ,Mpox
2026-02-06,"Alert suspected mpox, F/23 yrs from Kibaati village, kasaana ward, west div., Mubende mmc, fever, genital rash, lymohnode pain. Onset 02/01/26",Mubende,6, ,Mpox
2026-02-06,Alert suspected measles 4 yes m komuria comrade west kaabong district,Kaabong,6, ,Measles
2026-02-06,Measles/Rubella,Kaabong,6, ,Measles
2026-02-05,Measles/Rubella,Kotido,6, ,Measles
2026-02-05,Measles/Rubella,Moroto,6, ,Measles
2026-02-05,"6 year old Female suspected measles case with  generalised skin,cough and fever from Moroto 
By korobe Emmanuel ",Moroto,6, ,Measles
2026-02-05,Measles/Rubella,Bulambuli,6, ,Measles
2026-02-05,Patient is being managed for malaria,Nabilatuk,6, ,Malaria
2026-02-05,Polio,Nabilatuk,6, ,Polio
2026-02-05,"Alert 8 mths Male suspected with measles, fever, rash, cough, running nose, high temperature in Ddegeya, Kibiga, Kiboga District by Balinda.",Kiboga,6, ,Measles
2026-02-05,Measles/Rubella,Kiboga,6, ,Measles
2026-02-05,Monkeypox,Moroto,6, ,Mpox
2026-02-05,"15 years Mpox suspected case with skin rash, fever from Ariu Village, Kodonyo parish, Tapac subcounty, Moroto District. ",Moroto,6, ,Mpox
2026-02-05,"suspected case of measles,71 mths male with fever, rash, cough and red eyes. Date of  onset 5/1/2026. Masodde -Kalagi, Kyankwanzi. By Fred.",Kiboga,6, ,Measles
2026-02-05,"Alert suspected measles 2yrs, female,lomukura,central division, kotido district ",Kotido,6, ,Measles
2026-02-05,Maternal death review meeting held on 3rd /2/2026 in moroto RRH BOARD ROOM ,Moroto,6, ,Death
2026-02-05,"Alert 10 mths Male suspected with measles, fever, rash, cough, running nose, high temperature in Kayera, Masodde-Kalagi, , Kyankwanzi District by Balinda.",Kiboga,6, ,Measles
2026-02-05,Maternal death of 38yr old mother ,Moroto,6, ,Death
2026-02-05,Maternal Death,Moroto,6, ,Death
2026-02-05,Alert suspected measles 3 years male,Kotido,6, ,Measles
2026-02-04,Measles/Rubella,Bulambuli,6, ,Measles
2026-02-04,tested postive of measles,Bulambuli,6, ,Measles
2026-02-04,measles tested pos,Bulambuli,6, ,Measles
2026-02-04,Monkeypox,Makindye division,6, ,Mpox
2026-02-04,Alert suspected mpox  from Salaama with signs and symptoms rashes fever onset 16th/1/26,Makindye division,6, ,Mpox
2026-02-04,Alert suspected measles Female aged 22yrs with signs and symptoms rash onset 6th/1/2025 from kayongonga,Makindye division,6, ,Measles
2026-02-04,Measles/Rubella,Makindye division,6, ,Measles
2026-02-04,Alert suspected cholera aged 19yrs from katongo Ggaba ,Makindye division,6, ,Cholera
2026-02-04,Cholera,Makindye division,6, ,Cholera
2026-02-04,"Alert 14yrs male suspected measles with skin rash, fever, red eyes in Kasenyi, Kakindo, Kakumiro reported by Segawa Alex",Kakumiro,6, ,Measles
2026-02-04,Measles/Rubella,Kakumiro,6, ,Measles
2026-02-04,"Alert 9yrs male suspected measles with skin rash, fever, cough in Kasenyi, Kakindo, Kakumiro started on 7/01/2026 by Alex HSDSFP",Kakumiro,6, ,Measles
2026-02-02,Monkeypox,Mbale,6, ,Mpox
2026-02-02,Alert 22 F suspected Mpox case in Bushikuri village Bungoko Mbale district by a health worker Bushikori HCIII ,Mbale,6, ,Mpox
2026-02-02,"Alert 20 year F Mpox suspect with fever and rash,headache and sore throat in Bunapongo lower Bungokho Mbale district Health facility ",Mbale,6, ,Mpox
2026-02-02,Measles/Rubella,Mbale,6, ,Measles
2026-02-02,Alert 4 yr M old suspected Measles case  with rash and fever started on 11/1/2026 Lwangoli village Busuba  Mbale district by Health worker Doreen Lwangoli HCIII ,Mbale,6, ,Measles
2026-02-02,Alert 27 Yrs F Mpox suspected Busiu town council Mbale district by Busui HCIV by a health worker ,Mbale,6, ,Mpox
2026-02-02,Suspected rabies case 24 years From Nakiloro  Musupo  Katikekile Moroto District ,Moroto,6, ,Rabies
2026-02-02,Given antirabies,Moroto,6, ,Rabies
2026-02-02,Polio,Mbale,6, ,Polio
2026-02-02,Alert sudden death in the community in Bunapongo lower village in Mbale district by a VHT to a health worker ,Mbale,6, ,Death
2026-02-02,Alert 5 people bitten by a stray dog in nalondo mbale district,Mbale,6, ,Rabies
2026-02-02,Alert 11years  old male suspected of measles ,Mbale,6, ,Measles
2026-02-02,Measles/Rubella,Mubende,6, ,Measles
2026-02-02,Measles/Rubella,Lira,6, ,Measles
2026-02-02,Alert 11 months Male suspected measles case  with fever and rash started on 4/01/2026 Bumadanda Bubyangu Mbale district  ,Mbale,6, ,Measles
2026-02-02,Rabies,Mbale,6, ,Rabies
2026-02-02,Alert dog bite 24 yr old male Mbale district Namawanga village Lkhonge subcounty ,Mbale,6, ,Rabies
2026-01-30,Measles/Rubella,Moroto,5, ,Measles
2026-01-30,"Alert a M15yrs old suspected of measles reported with rash, cough, running nose, fever. HS is a resident of Nalyamajonja, Kalama, Kalangaalo sub county, Mityana District.",Mityana,5, ,Measles
2026-01-30,Measles/Rubella,Mityana,5, ,Measles
2026-01-30,"Other Emerging Infectious Disease (Small Pox, ILI, SARS)",Mityana,5, ,"Small Pox, ILI, SARS"
2026-01-30,"Alert suspected measles 9yr male, senior quarters,north division,moroto
Kambizi",Moroto,5, ,Measles
2026-01-30,Measles/Rubella,Nabilatuk,5, ,Measles
2026-01-30,Alert Suspected measles disease ,Nabilatuk,5, ,Measles
2026-01-30,"Alert aspected measles 10months komaret,moroto ",Moroto,5, ,Measles
2026-01-30,"Alert suspected Measles 2 years Female Acherer, Acherer, Loputuk, Moroto District ",Moroto,5, ,Measles
2026-01-30,"Alert a M3yrs old suspected of measles reported with Running Nose, red eyes,fever and rush. SK is a resident of Buswabulongo. North ward, Busimbi Division, Mityana District.",Mityana,5, ,Measles
2026-01-30,"Alert a M2 yrs old suspected of measles reported with rash, cough, running nose, red eyes. BP is a resident of Buswabulongo, North ward, Busimbi Division. Mityana District. ",Mityana,5, ,Measles
2026-01-30,"Alert a F6yrs old suspected of Measles Rubella report with red eyes, rash, cough, fever and running Nose. NH is a resident of Buswabulongo, North Ward, Busimbi Division Mityana District",Mityana,5, ,Measles
2026-01-30,"Alert a M 2yrs old suspected polio(AFP) was reported with fever, and weakness of both the right and left legs.Mutesasira emma is a resident of Kitego village Kalangalo parish kalangalo sub county Mityana District.",Mityana,5, ,Acute Flaccid Paralysis
2026-01-30,"Suspected polio case, timngorok, Lia, katikekile subcounty",Moroto,5, ,Polio
2026-01-30,Polio,Moroto,5, ,Polio
2026-01-29,Monkeypox,Bundibugyo,5, ,Mpox
2026-01-29,"An Alert, Suspected mpox, A35 yr old  with fever,Rash,headech and rash that started on 24/01/2025. seen in Bulama central, Bundimulanji parish, kirumya S/C. BY NAUME KYAKIMWA",Bundibugyo,5, ,Mpox
2026-01-29,"Following the notification on 28/1/2026, Surveillance team composed of lab and surveillance reached on ground and found the suspect. however on clinical assessment, was found with chicken pox rash and so could not meet the case definination for mpox. ",Bundibugyo,5, ,Mpox
2026-01-29,Measles/Rubella,Napak,5, ,Measles
2026-01-29,"Alert: suspected measles, female of 2 year from Namugit,Loligoi,Lokopo s/c",Napak,5, ,Measles
2026-01-29,Measles/Rubella,Nabilatuk,5, ,Measles
2026-01-29,Alert Suspected measles,Nabilatuk,5, ,Measles
2026-01-29,"Alert suspected measles 2yr old male from Nabilatuk viilage,Nabilatuk parish and nabilatuk subcounty detected from Matany hospital in Napak DLG",Napak,5, ,Measles
2026-01-29,Rabies,Mubende,5, ,Rabies
2026-01-29,"Alert animal bite, f/14 yrs from kangulumira village,rwabagabo parish, south div,sustained injuries following an attack by a suspected rabid dog,date of event 28/01/26",Mubende,5, ,Rabies
2026-01-29,"Alert suspected measles: 2 years female from kokorio village,longalom parish,lokopo sub-county Napak",Napak,5, ,Measles
2026-01-28,alert suspected measles ,Nabilatuk,5, ,Measles
2026-01-28,Alert suspected measles ,Nabilatuk,5, ,Measles
2026-01-28,Monkeypox,Mityana,5, ,Mpox
2026-01-28,"Alert a F64 months old suspected of Measles/ Rubella reported with Rash, fever and headache. NI is a resident of Busimbi-Kasimbi cell, North ward, Busimbi Division Mityana Mityana ",Mityana,5, ,Measles
2026-01-28,"Alert a M13yrs old suspected of MPOX reported 2/1/2026, with Rash, fever, sore throat and cough. KS is a resident of Mizigo village, Katakala ward, Central Division, Mityana District.",Mityana,5, ,Mpox
2026-01-28,Alert suspected measles,Nabilatuk,5, ,Measles
2026-01-28,Measles/Rubella,Mityana,5, ,Measles
2026-01-28,"Alert a M24 months suspected of measles/ Rubella, reported with Fever, Rash, Cough, Diarrhea. AK is a resident of of Nalyamajonja, Kalama parish, Kalangaalo sub county, Mityana District.",Mityana,5, ,Measles
2026-01-28,"Alert a M48yrs old suspected of Measles/ Rubella, reported with cough, red eyes, rash and Diarrhea with onset date of 13/1/2025.RM is a resident of Nalyamajonja, Kalama, Kalangaalo sub county, Mityana District",Mityana,5, ,Measles
2026-01-28,Polio,Bundibugyo,5, ,Polio
2026-01-28,Measles/Rubella,Nabilatuk,5, ,Measles
2026-01-27,"Alert suspected measles, m/100 mths, from kisondwa village, bagezza s/c, rash,cough, running nose, onset 24/01/2026",Mubende,5, ,Measles
2026-01-27,Monkeypox,Mubende,5, ,Mpox
2026-01-27,"Alert suspected mpox, m/3yrs from kyewanise village,bukolezi parish,gayaza s/c, mubende district; fever, vesiculopustular lesions,lympnode pain; onset 24/01/26",Mubende,5, ,Mpox
2026-01-27,Measles/Rubella,Mubende,5, ,Measles
2026-01-27,"Alert suspected measles, f/20 mths, from kyampisi village,kibalinga s/c, mubende,district; fever,rash,cough, , onset 19/01/2026",Mubende,5, ,Measles
2026-01-27,Polio,Kyegegwa,5, ,Polio
2026-01-27,"Alert suspected mpox, f/22 yrs from kibaati village,kasaana parish,west div , mubende district; fever, genital rash onset 20/01/26",Mubende,5, ,Mpox
2026-01-23,"Alert suspected measles, m/11 mths, from kikoona village,kyabatagi ward,west div, mubende mmc, fever,rash,running nose, onset 20/01/2026",Mubende,4, ,Measles
2026-01-23,Measles/Rubella,Mubende,4, ,Measles
2026-01-23,"Alert suspected Mpox, F/29yrs from  nabingoola, mubende district ,h/o fever 1 wk ago, now presenting with skin and genital rash, lymph node pain,oral thrash, date of onset 19/01/2026",Mubende,4, ,Mpox
2026-01-23,"Alert suspected measles, f/84 mths, from kikoona village,kyabatagi ward,west div, mubende mmc, fever,rash,cough, running nose, onset 21/01/2026",Mubende,4, ,Measles
2026-01-23,Monkeypox,Mubende,4, ,Mpox
2026-01-22,"ALERT: Suspected measles, 5 year old child with skin rash, flue, red eyes, and fever for 3days in Kiceeri Kasenda TC",Kabarole,4, ,Measles
2026-01-22,Measles/Rubella,Kabarole,4, ,Measles
2026-01-22,"Alert; susp Measles 
7 year old child with fevers, skin rash, red eyes and diarrhoea for 2 days.",Kabarole,4, ,Measles
2026-01-21,Measles/Rubella,Mubende,4, ,Measles
2026-01-21,"Alert Suspected measles m/36 months from mugungulu village,kacwamba parish,bagezza subcounty,mubende district,rash,fever,cough,running nose, date of onset 15/01/2026",Mubende,4, ,Measles
2026-01-21,"Alert suspected measles m/14 mths from kilungi cell,rwabagabo ward,south div, mubende mmc, rash,fever,running nose,cough , date of onset 17/01/26",Mubende,4, ,Measles
2026-01-21,Monkeypox,Nakawa division,4, ,Mpox
2026-01-20,"alert a 33 years woman presented at ogur HC IV on the 13th Jan 2025 with fever, multiple wound suspected to be anthrax reported by victor DSFP",Lira,4, ,Anthrax
2026-01-20,Anthrax,Lira,4, ,Anthrax
2026-01-20,Measles/Rubella,Kyegegwa,4, ,Measles
2026-01-20,Monkeypox,Kabarole,4, ,Mpox
2026-01-20,suspected Mpox; 36 year old female presenting with skin rash and pain.,Kabarole,4, ,Mpox
2026-01-20,Suspected Mpox: 45 year old male presents with skin and penile rash and has been in contact with a suspected MPOX case.,Kabarole,4, ,Mpox
2026-01-20,"patient reviewed, rx, given and anti-rabies vaccine initiated.",Mubende,4, ,Rabies
2026-01-20,Rabies,Mubende,4, ,Rabies
2026-01-20,"Alert suspected rabies, m/07 yrs from gogonya village,bugonza parish, kitenga s/county,sustained injuries following an attack by a suspected rabid dog,date of event  19/01/26",Mubende,4, ,Rabies
2026-01-13,Measles/Rubella,Bunyangabu,3, ,Measles
2026-01-13,"child has been reviewed at mubende rrh, given antirabies and other treatements",Mubende,3, ,Rabies
2026-01-13,"Alert suspected rabies, m/13 yrs from kilawura village,naluwondwa parish,madudu s/county,sustained injuries following an attack by a suspected rabid dog,date of event 12/01/26",Mubende,3, ,Rabies
2026-01-12,Measles/Rubella,Mubende,3, ,Measles
2026-01-12,"Alert suspected measles.m/17 mths of Kangulumira village,south division,mubende mmc, fever,cough,red eyes,rash. onset 11/01/26",Mubende,3, ,Measles
2026-01-10,Cholera,Mubende,2, ,Cholera
2026-01-10,"alert suspected cholera, f/3yrs from kamwerere village,kakenzi parish, madudu s/county, profuse waterly diarrhoea,vomiting, onset 05/10/26 ",Mubende,2, ,Cholera
2026-01-10,Measles/Rubella,Mubende,2, ,Measles
2026-01-10,"alert suspected measles, a 10months old from kyaterekera,east div,mubende mmc, fever,rash,cough, onset 7/01/26",Mubende,2, ,Measles
2026-01-09,"Alert 10yr female suspected measles with fever, skin rash , cough started on 5/01/2026 in Kasenyi lc1, Kakindo Sc, Kakumiro District by Alex HSDSFP",Kakumiro,2, ,Measles
2026-01-09,Measles/Rubella,Kakumiro,2, ,Measles
2026-01-08,Measles/Rubella,Lira,2, ,Measles
2026-01-08,"aler suspected polio. f/3yrs & 6 months, from kigamba village,katente parish,kiyuni s/county,fever,followed by floppy weakness of rt lower limb. date of onset 15/12/25.",Mubende,2, ,Polio
2026-01-08,Polio,Mubende,2, ,Polio
2026-01-08,"Alert a 9 years old child from odokolit ogur parish presented at ogur HC IV with h/o fever, cough, stomachace and rash suspected to be measles reported by victor DSFP Lira",Lira,2, ,Measles
2026-01-07,Measles/Rubella,Mubende,2, ,Measles
2026-01-07,"Alert suspected measles. M/3months, from mpumude village,Makole parish,Kyera s/county, ssembabule district, ras,cough,red eyes,fever. date of onset 02/01/26.",Mubende,2, ,Measles
2026-01-07,"ALERT Suspected measles. F/72 months from Kwezirumwe village,Kacwamango parish,Kigando s/county,mubende distriict, Rash,cough,red eyes,fever, date of onset 26/12/25",Mubende,2, ,Measles
2026-01-07,Polio,Mubende,2, ,Polio
2026-01-07,"Alert suspected polio (AFP) m/2yrs and 10 months from kasaka village,nyamarwa subcounty,kibale district, date of onset 26/12/2026",Mubende,2, ,Acute Flaccid Paralysis
2026-01-07,"alert suspected measles. m/19 months, from Katabalanga village, south div, mubende district. rash,fever,cough,red eyes. date of onset 03/01/25",Mubende,2, ,Measles
2026-01-06,Measles/Rubella,Lira,2, ,Measles
2026-01-06,"alert a child of 17 months from abongo-amone village, teoburu parish presented at ogur HC IV with fever, cough, diarrhoea, difficulty in breathing and rash suspected to be measles",Lira,2, ,Measles
2026-01-06,Polio,Lira,2, ,Polio
2026-01-06,"alert a child of 4 years (48 months) from abongo-gweno village, barpii parish presented at ogur HC IV with fever, cough, skin infection, flopy limbs suspected to be polio",Lira,2, ,Polio
