weeks,maroon,red,yellow,green
52,"['Acute Flaccid Paralysis', 'Anthrax', 'Plague', 'Yellow Fever']","['Malaria', 'Maternal Death', 'Measles']",[],[]
51,"['Acute Flaccid Paralysis', 'Anthrax', 'Measles', 'Plague', 'Yellow Fever']","['Cholera', 'Malaria', 'Maternal Death', 'Schistosomiasis']",[],[]
50,"['Acute Flaccid Paralysis', 'Anthrax', 'Cholera', 'Maternal Death', 'Measles', 'Plague', 'Yellow Fever']","['Guinea Worm', 'Malaria', 'Schistosomiasis']",[],[]
49,"['Acute Flaccid Paralysis', 'Anthrax', 'Measles', 'Plague', 'Yellow Fever']","['Cholera', 'Malaria', 'Maternal Death', 'Schistosomiasis']",[],[]
48,"['Acute Flaccid Paralysis', 'Anthrax', 'Maternal Death', 'Plague', 'Yellow Fever']","['Cholera', 'Malaria', 'Measles', 'Schistosomiasis']",['Influenza new subtype'],[]
47,"['Acute Flaccid Paralysis', 'Anthrax', 'Measles', 'Plague', 'Yellow Fever']","['Cholera', 'Guinea Worm', 'Malaria', 'Maternal Death']",[],[]
46,"['Acute Flaccid Paralysis', 'Anthrax', 'Measles', 'Yellow Fever']","['Cholera', 'Malaria', 'Maternal Death', 'Schistosomiasis']",[],[]
45,"['Acute Flaccid Paralysis', 'Anthrax', 'Maternal Death', 'Measles', 'Plague', 'Yellow Fever']","['Cholera', 'Dengue Fever', 'Leprosy', 'Lymphatic Filariasis', 'Malaria', 'Schistosomiasis']",[],[]
44,"['Acute Flaccid Paralysis', 'Anthrax', 'Measles']","['Cholera', 'Malaria', 'Maternal Death', 'Schistosomiasis']",[],[]
43,"['Acute Flaccid Paralysis', 'Anthrax', 'Maternal Death', 'Plague', 'Yellow Fever']","['Cholera', 'Guinea Worm', 'Malaria', 'Measles', 'Schistosomiasis']",[],[]
42,"['Acute Flaccid Paralysis', 'Anthrax', 'Measles', 'Yellow Fever']","['Cholera', 'Guinea Worm', 'Malaria', 'Maternal Death', 'Schistosomiasis']",[],[]
41,"['Acute Flaccid Paralysis', 'Anthrax', 'Measles', 'Yellow Fever']","['Malaria', 'Maternal Death', 'Onchocerciasis', 'Schistosomiasis']",[],[]
40,"['Acute Flaccid Paralysis', 'Anthrax', 'Yellow Fever']","['Malaria', 'Maternal Death', 'Measles', 'Schistosomiasis']",[],[]
39,"['Acute Flaccid Paralysis', 'Anthrax', 'Cholera', 'Measles', 'Plague', 'Yellow Fever']","['Guinea Worm', 'Malaria', 'Maternal Death', 'Schistosomiasis']",[],[]
38,"['Acute Flaccid Paralysis', 'Anthrax', 'Plague', 'Yellow Fever']","['Cholera', 'Guinea Worm', 'Leprosy', 'Malaria', 'Maternal Death', 'Measles']",[],[]
37,"['Acute Flaccid Paralysis', 'Anthrax', 'Measles', 'Yellow Fever']","['Cholera', 'Dengue Fever', 'Guinea Worm', 'Malaria', 'Maternal Death']",[],[]
36,"['Acute Flaccid Paralysis', 'Anthrax', 'Measles', 'Plague', 'Yellow Fever']","['Cholera', 'Leprosy', 'Malaria', 'Maternal Death', 'Schistosomiasis']",[],[]
35,"['Acute Flaccid Paralysis', 'Anthrax', 'Plague', 'Yellow Fever']","['Cholera', 'Guinea Worm', 'Leprosy', 'Malaria', 'Maternal Death', 'Measles', 'Schistosomiasis']",[],[]
34,"['Acute Flaccid Paralysis', 'Anthrax', 'Cholera', 'Maternal Death', 'Measles', 'Plague', 'Yellow Fever']","['Dengue Fever', 'Guinea Worm', 'Malaria', 'Onchocerciasis', 'Schistosomiasis']",[],[]
33,"['Acute Flaccid Paralysis', 'Anthrax', 'Plague', 'Yellow Fever']","['Cholera', 'Malaria', 'Maternal Death', 'Measles', 'Schistosomiasis']",[],[]
32,"['Acute Flaccid Paralysis', 'Plague', 'Yellow Fever']","['Cholera', 'Guinea Worm', 'Leprosy', 'Malaria', 'Maternal Death', 'Measles', 'Schistosomiasis']",[],[]
31,"['Acute Flaccid Paralysis', 'Anthrax', 'Cholera', 'Yellow Fever']","['Malaria', 'Maternal Death', 'Onchocerciasis', 'Schistosomiasis']",['Measles'],[]
30,"['Acute Flaccid Paralysis', 'Cholera', 'Measles', 'Yellow Fever']","['Leprosy', 'Malaria', 'Maternal Death', 'Onchocerciasis', 'Schistosomiasis']",[],[]
29,"['Acute Flaccid Paralysis', 'Measles', 'Plague', 'Yellow Fever']","['Cholera', 'Malaria', 'Maternal Death', 'Schistosomiasis']",[],[]
28,"['Acute Flaccid Paralysis', 'Cholera', 'Plague']","['Malaria', 'Maternal Death', 'Onchocerciasis', 'Schistosomiasis']",['Measles'],[]
27,"['Acute Flaccid Paralysis', 'Anthrax', 'Cholera', 'Maternal Death', 'Plague', 'Yellow Fever']","['Malaria', 'Measles', 'Schistosomiasis']",[],[]
26,"['Acute Flaccid Paralysis', 'Anthrax', 'Cholera', 'Plague', 'Yellow Fever']","['Malaria', 'Maternal Death', 'Measles', 'Onchocerciasis', 'Schistosomiasis', 'Trachoma']",[],[]
25,"['Acute Flaccid Paralysis', 'Anthrax', 'Plague', 'Yellow Fever']","['Cholera', 'Malaria', 'Maternal Death', 'Measles', 'Onchocerciasis', 'Schistosomiasis']",['Influenza new subtype'],[]
24,"['Acute Flaccid Paralysis', 'Anthrax', 'Yellow Fever']","['Cholera', 'Malaria', 'Maternal Death', 'Measles']",[],[]
23,"['Acute Flaccid Paralysis', 'Measles', 'Yellow Fever']","['Cholera', 'Malaria', 'Maternal Death', 'Onchocerciasis', 'Schistosomiasis']",[],[]
22,"['Acute Flaccid Paralysis', 'Anthrax', 'Measles', 'Yellow Fever']","['Malaria', 'Maternal Death', 'Onchocerciasis']",[],[]
21,"['Acute Flaccid Paralysis', 'Anthrax', 'Yellow Fever']","['Cholera', 'Malaria', 'Maternal Death', 'Measles']",[],[]
20,"['Acute Flaccid Paralysis', 'Measles', 'Plague', 'Yellow Fever']","['Cholera', 'Guinea Worm', 'Lymphatic Filariasis', 'Malaria', 'Maternal Death', 'Onchocerciasis', 'Schistosomiasis']",[],[]
19,"['Acute Flaccid Paralysis', 'Plague', 'Yellow Fever']","['Malaria', 'Maternal Death', 'Measles', 'Onchocerciasis']",[],[]
18,"['Acute Flaccid Paralysis', 'Measles', 'Plague', 'Yellow Fever']","['Lymphatic Filariasis', 'Malaria', 'Maternal Death', 'Schistosomiasis']",[],[]
17,"['Acute Flaccid Paralysis', 'Plague', 'Yellow Fever']","['Cholera', 'Malaria', 'Maternal Death', 'Measles', 'Schistosomiasis']",[],[]
16,"['Acute Flaccid Paralysis', 'Anthrax', 'Measles', 'Yellow Fever']","['Cholera', 'Dengue Fever', 'Malaria', 'Maternal Death']",[],[]
15,"['Acute Flaccid Paralysis', 'Anthrax', 'Plague', 'Yellow Fever']","['Cholera', 'Dengue Fever', 'Malaria', 'Maternal Death', 'Measles']",[],[]
14,"['Anthrax', 'Yellow Fever']","['Malaria', 'Maternal Death', 'Measles', 'Schistosomiasis']",[],[]
13,"['Acute Flaccid Paralysis', 'Anthrax', 'Measles', 'Yellow Fever']","['Cholera', 'Guinea Worm', 'Lymphatic Filariasis', 'Malaria', 'Maternal Death', 'Onchocerciasis', 'Schistosomiasis']",[],[]
12,"['Acute Flaccid Paralysis', 'Anthrax', 'Measles', 'Plague', 'Yellow Fever']","['Cholera', 'Malaria', 'Maternal Death', 'Schistosomiasis', 'Trachoma']",[],[]
11,"['Acute Flaccid Paralysis', 'Anthrax', 'Yellow Fever']","['Cholera', 'Malaria', 'Maternal Death', 'Measles', 'Schistosomiasis']",[],[]
10,"['Acute Flaccid Paralysis', 'Anthrax', 'Cholera', 'Measles', 'Plague', 'Yellow Fever']","['Guinea Worm', 'Malaria', 'Maternal Death', 'Schistosomiasis', 'Trachoma']",['Influenza new subtype'],[]
9,"['Acute Flaccid Paralysis', 'Anthrax', 'Cholera', 'Measles', 'Plague', 'Yellow Fever']","['Malaria', 'Maternal Death', 'Schistosomiasis']",[],[]
8,"['Acute Flaccid Paralysis', 'Anthrax', 'Plague', 'Yellow Fever']","['Cholera', 'Dengue Fever', 'Guinea Worm', 'Lymphatic Filariasis', 'Malaria', 'Maternal Death', 'Measles', 'Schistosomiasis', 'Trachoma']",['Influenza new subtype'],[]
7,"['Acute Flaccid Paralysis', 'Anthrax', 'Cholera', 'Plague', 'Yellow Fever']","['Lymphatic Filariasis', 'Malaria', 'Maternal Death', 'Measles', 'Schistosomiasis', 'Trachoma']",[],['Influenza new subtype']
6,"['Acute Flaccid Paralysis', 'Anthrax', 'Measles', 'Plague', 'Yellow Fever']","['Cholera', 'Guinea Worm', 'Malaria', 'Maternal Death', 'Schistosomiasis']",[],[]
5,"['Acute Flaccid Paralysis', 'Anthrax', 'Measles', 'Plague', 'Yellow Fever']","['Cholera', 'Dengue Fever', 'Guinea Worm', 'Lymphatic Filariasis', 'Malaria', 'Maternal Death', 'Schistosomiasis', 'Trachoma']",[],[]
4,"['Acute Flaccid Paralysis', 'Anthrax', 'Cholera', 'Maternal Death', 'Measles', 'Plague', 'Yellow Fever']","['Guinea Worm', 'Malaria', 'Onchocerciasis', 'Schistosomiasis']",[],[]
3,"['Acute Flaccid Paralysis', 'Anthrax', 'Cholera', 'Measles', 'Plague', 'Yellow Fever']","['Leprosy', 'Malaria', 'Maternal Death', 'Schistosomiasis']",[],[]
2,"['Acute Flaccid Paralysis', 'Anthrax', 'Cholera', 'Measles', 'Plague', 'Yellow Fever']","['Malaria', 'Maternal Death', 'Schistosomiasis']",[],[]
1,"['Acute Flaccid Paralysis', 'Anthrax', 'Measles', 'Plague', 'Yellow Fever']","['Cholera', 'Dengue Fever', 'Malaria', 'Maternal Death', 'Schistosomiasis', 'Trachoma']",[],[]
0,[],[],[],[]
