weeks,region,maroon,red,yellow,green
52,South Central,[],[],[],[]
52,Tooro,['Anthrax'],['Malaria'],[],[]
52,Lango,[],['Malaria'],[],['Measles']
52,Kampala,[],['Malaria'],[],['Measles']
52,Kigezi,[],['Malaria'],[],[]
52,Ankole,[],['Malaria'],[],[]
52,West Nile,[],"['Malaria', 'Maternal Death']",[],['Measles']
52,Karamoja,[],"['Malaria', 'Measles']",[],[]
52,Acholi,[],['Malaria'],[],[]
52,Teso,['Acute Flaccid Paralysis'],['Malaria'],[],[]
52,South Buganda,[],"['Malaria', 'Maternal Death']",[],['Measles']
52,Bugisu,[],['Malaria'],[],[]
52,North Buganda,['Acute Flaccid Paralysis'],"['Malaria', 'Maternal Death']",[],['Measles']
52,North Central,[],[],[],[]
52,Bunyoro,"['Plague', 'Yellow Fever']",['Malaria'],[],['Measles']
52,Bukedi,[],['Malaria'],[],['Measles']
52,Busoga,[],"['Malaria', 'Maternal Death']",[],['Measles']
51,Karamoja,['Measles'],['Malaria'],[],[]
51,North Buganda,['Plague'],"['Malaria', 'Maternal Death']",[],['Measles']
51,Bukedi,['Acute Flaccid Paralysis'],['Malaria'],[],['Measles']
51,South Buganda,[],"['Malaria', 'Maternal Death']",['Measles'],[]
51,South Central,[],[],[],[]
51,Ankole,[],['Malaria'],[],[]
51,Busoga,[],['Malaria'],[],['Measles']
51,Teso,[],['Malaria'],[],['Measles']
51,Kigezi,[],['Malaria'],[],[]
51,West Nile,['Acute Flaccid Paralysis'],"['Cholera', 'Malaria', 'Maternal Death', 'Schistosomiasis']",[],[]
51,Kampala,"['Acute Flaccid Paralysis', 'Yellow Fever']",['Malaria'],[],['Measles']
51,Tooro,['Anthrax'],"['Malaria', 'Maternal Death']",['Measles'],[]
51,Acholi,['Acute Flaccid Paralysis'],['Malaria'],[],['Measles']
51,Lango,[],['Malaria'],['Measles'],[]
51,Bugisu,[],"['Malaria', 'Maternal Death']",[],['Measles']
51,North Central,[],[],[],[]
51,Bunyoro,[],['Malaria'],[],['Measles']
50,Kampala,['Acute Flaccid Paralysis'],"['Malaria', 'Maternal Death']",[],['Measles']
50,Bunyoro,[],"['Malaria', 'Maternal Death']",[],['Measles']
50,North Central,[],[],[],[]
50,North Buganda,['Yellow Fever'],"['Malaria', 'Maternal Death']",[],['Measles']
50,Bugisu,[],['Malaria'],[],['Measles']
50,Lango,['Acute Flaccid Paralysis'],"['Malaria', 'Maternal Death']",[],['Measles']
50,Tooro,[],"['Malaria', 'Maternal Death', 'Schistosomiasis']",[],['Measles']
50,Acholi,['Cholera'],['Malaria'],[],['Measles']
50,Busoga,[],"['Guinea Worm', 'Malaria', 'Maternal Death']",['Measles'],[]
50,Teso,[],"['Malaria', 'Maternal Death']",[],['Measles']
50,West Nile,['Acute Flaccid Paralysis'],"['Cholera', 'Malaria', 'Maternal Death', 'Schistosomiasis']",[],['Measles']
50,Ankole,['Anthrax'],['Malaria'],[],['Measles']
50,Kigezi,['Anthrax'],['Malaria'],[],[]
50,South Central,[],[],[],[]
50,South Buganda,"['Acute Flaccid Paralysis', 'Plague']","['Malaria', 'Maternal Death']",['Measles'],[]
50,Bukedi,['Maternal Death'],['Malaria'],[],['Measles']
50,Karamoja,"['Acute Flaccid Paralysis', 'Measles']",['Malaria'],[],[]
49,Tooro,[],"['Malaria', 'Schistosomiasis']",[],['Measles']
49,South Buganda,[],"['Malaria', 'Maternal Death']",['Measles'],[]
49,Busoga,[],"['Malaria', 'Maternal Death']",[],['Measles']
49,Bukedi,"['Acute Flaccid Paralysis', 'Yellow Fever']",['Malaria'],[],['Measles']
49,Bunyoro,[],"['Malaria', 'Maternal Death']",[],['Measles']
49,North Central,[],[],[],[]
49,Bugisu,[],"['Malaria', 'Maternal Death']",['Measles'],[]
49,Lango,[],"['Malaria', 'Maternal Death', 'Measles']",[],[]
49,West Nile,['Acute Flaccid Paralysis'],"['Cholera', 'Malaria', 'Maternal Death', 'Schistosomiasis']",[],[]
49,North Buganda,[],"['Malaria', 'Maternal Death']",['Measles'],[]
49,Karamoja,['Measles'],['Malaria'],[],[]
49,Teso,[],"['Malaria', 'Maternal Death']",[],['Measles']
49,Kampala,"['Plague', 'Yellow Fever']","['Malaria', 'Maternal Death']",['Measles'],[]
49,Ankole,['Anthrax'],['Malaria'],[],[]
49,Kigezi,['Anthrax'],"['Malaria', 'Maternal Death']",[],['Measles']
49,South Central,[],[],[],[]
49,Acholi,[],"['Cholera', 'Malaria']",[],['Measles']
48,Tooro,['Anthrax'],"['Malaria', 'Maternal Death']",[],['Measles']
48,Lango,[],"['Malaria', 'Maternal Death']",[],['Measles']
48,Busoga,"['Plague', 'Yellow Fever']","['Malaria', 'Maternal Death']",['Measles'],[]
48,Bukedi,[],"['Malaria', 'Maternal Death']",['Measles'],[]
48,Bunyoro,"['Acute Flaccid Paralysis', 'Yellow Fever']","['Malaria', 'Schistosomiasis']","['Influenza new subtype', 'Measles']",[]
48,North Central,[],[],[],[]
48,North Buganda,['Acute Flaccid Paralysis'],"['Malaria', 'Maternal Death']",[],['Measles']
48,Bugisu,['Acute Flaccid Paralysis'],"['Malaria', 'Maternal Death']",[],['Measles']
48,South Buganda,['Anthrax'],"['Malaria', 'Maternal Death']",['Measles'],[]
48,Acholi,['Maternal Death'],"['Cholera', 'Malaria']",[],['Measles']
48,Karamoja,[],"['Malaria', 'Measles']",[],[]
48,Teso,['Acute Flaccid Paralysis'],['Malaria'],[],['Measles']
48,West Nile,"['Acute Flaccid Paralysis', 'Yellow Fever']","['Cholera', 'Malaria', 'Maternal Death', 'Schistosomiasis']",[],['Measles']
48,Ankole,['Anthrax'],['Malaria'],[],['Measles']
48,Kigezi,[],['Malaria'],[],['Measles']
48,Kampala,[],"['Malaria', 'Maternal Death']",['Measles'],[]
48,South Central,[],[],[],[]
47,Bugisu,['Acute Flaccid Paralysis'],"['Malaria', 'Maternal Death']",['Measles'],[]
47,South Buganda,['Anthrax'],"['Malaria', 'Measles']",[],[]
47,Kigezi,[],"['Malaria', 'Maternal Death']",[],['Measles']
47,South Central,[],[],[],[]
47,Busoga,['Yellow Fever'],"['Guinea Worm', 'Malaria']",[],['Measles']
47,Bukedi,[],"['Malaria', 'Maternal Death']",[],['Measles']
47,Bunyoro,['Yellow Fever'],['Malaria'],[],['Measles']
47,North Central,[],[],[],[]
47,Tooro,[],"['Malaria', 'Maternal Death']",[],['Measles']
47,Lango,[],['Malaria'],['Measles'],[]
47,North Buganda,['Plague'],['Malaria'],['Measles'],[]
47,Kampala,['Acute Flaccid Paralysis'],['Malaria'],['Measles'],[]
47,Acholi,[],"['Cholera', 'Malaria', 'Maternal Death']",[],['Measles']
47,Karamoja,"['Measles', 'Yellow Fever']",['Malaria'],[],[]
47,Teso,['Acute Flaccid Paralysis'],"['Malaria', 'Maternal Death']",[],['Measles']
47,West Nile,['Acute Flaccid Paralysis'],"['Cholera', 'Malaria']",[],[]
47,Ankole,['Acute Flaccid Paralysis'],"['Malaria', 'Maternal Death']",[],['Measles']
46,South Buganda,"['Anthrax', 'Yellow Fever']","['Malaria', 'Maternal Death', 'Measles']",[],[]
46,Bukedi,[],['Malaria'],[],['Measles']
46,Karamoja,"['Acute Flaccid Paralysis', 'Measles']","['Malaria', 'Maternal Death']",[],[]
46,South Central,[],[],[],[]
46,Kigezi,[],['Malaria'],[],[]
46,West Nile,['Acute Flaccid Paralysis'],"['Malaria', 'Schistosomiasis']",[],[]
46,Teso,['Acute Flaccid Paralysis'],['Malaria'],[],['Measles']
46,Busoga,[],['Malaria'],[],['Measles']
46,Ankole,['Acute Flaccid Paralysis'],['Malaria'],[],[]
46,Acholi,[],['Malaria'],[],['Measles']
46,Lango,[],"['Cholera', 'Malaria', 'Maternal Death']",[],['Measles']
46,Kampala,['Acute Flaccid Paralysis'],"['Malaria', 'Maternal Death', 'Schistosomiasis']",['Measles'],[]
46,Bugisu,[],"['Malaria', 'Maternal Death']",[],['Measles']
46,North Buganda,['Yellow Fever'],"['Malaria', 'Maternal Death']",[],['Measles']
46,North Central,[],[],[],[]
46,Bunyoro,[],"['Malaria', 'Maternal Death']",[],['Measles']
46,Tooro,['Acute Flaccid Paralysis'],"['Malaria', 'Maternal Death']",[],['Measles']
45,South Central,[],[],[],[]
45,South Buganda,"['Acute Flaccid Paralysis', 'Anthrax', 'Yellow Fever']",['Malaria'],['Measles'],[]
45,Kigezi,['Yellow Fever'],"['Cholera', 'Leprosy', 'Malaria']",[],['Measles']
45,Ankole,['Anthrax'],['Malaria'],[],['Measles']
45,West Nile,['Acute Flaccid Paralysis'],"['Malaria', 'Schistosomiasis']",[],['Measles']
45,Teso,[],['Malaria'],[],['Measles']
45,Karamoja,['Measles'],['Malaria'],[],[]
45,Acholi,['Acute Flaccid Paralysis'],"['Cholera', 'Lymphatic Filariasis', 'Malaria', 'Maternal Death']",[],['Measles']
45,Kampala,"['Maternal Death', 'Plague']",['Malaria'],['Measles'],[]
45,Lango,[],['Malaria'],['Measles'],[]
45,Bugisu,['Yellow Fever'],"['Malaria', 'Maternal Death']",['Measles'],[]
45,North Buganda,['Yellow Fever'],"['Malaria', 'Maternal Death']",[],['Measles']
45,North Central,[],[],[],[]
45,Bunyoro,['Acute Flaccid Paralysis'],"['Malaria', 'Maternal Death']",[],['Measles']
45,Bukedi,[],"['Malaria', 'Maternal Death']",[],['Measles']
45,Busoga,['Acute Flaccid Paralysis'],"['Malaria', 'Maternal Death']",[],['Measles']
45,Tooro,[],"['Dengue Fever', 'Malaria', 'Maternal Death']",[],['Measles']
44,South Buganda,[],"['Malaria', 'Maternal Death']",[],['Measles']
44,Tooro,[],['Malaria'],[],['Measles']
44,Bunyoro,[],"['Malaria', 'Schistosomiasis']",[],['Measles']
44,North Central,[],[],[],[]
44,North Buganda,[],"['Malaria', 'Maternal Death']",[],['Measles']
44,Bugisu,[],"['Malaria', 'Maternal Death']",[],['Measles']
44,Lango,[],"['Malaria', 'Maternal Death']",[],['Measles']
44,Kampala,['Acute Flaccid Paralysis'],"['Malaria', 'Maternal Death']",[],['Measles']
44,Karamoja,[],"['Malaria', 'Maternal Death', 'Measles']",[],[]
44,Busoga,['Measles'],"['Malaria', 'Maternal Death']",[],[]
44,South Central,[],[],[],[]
44,Acholi,[],"['Cholera', 'Malaria']",[],['Measles']
44,Bukedi,[],['Malaria'],[],[]
44,Teso,[],"['Malaria', 'Maternal Death']",['Measles'],[]
44,Kigezi,['Anthrax'],"['Malaria', 'Maternal Death']",[],['Measles']
44,Ankole,"['Acute Flaccid Paralysis', 'Anthrax']",['Malaria'],[],['Measles']
44,West Nile,['Acute Flaccid Paralysis'],"['Cholera', 'Malaria', 'Maternal Death', 'Schistosomiasis']",[],['Measles']
43,Lango,[],"['Malaria', 'Maternal Death']",['Measles'],[]
43,Busoga,['Yellow Fever'],['Malaria'],[],['Measles']
43,South Central,[],[],[],[]
43,South Buganda,['Anthrax'],"['Guinea Worm', 'Malaria', 'Maternal Death']",[],['Measles']
43,Bukedi,[],['Malaria'],[],['Measles']
43,Bunyoro,['Plague'],"['Malaria', 'Schistosomiasis']",[],['Measles']
43,North Central,[],[],[],[]
43,Bugisu,[],['Malaria'],[],['Measles']
43,Tooro,[],['Malaria'],['Measles'],[]
43,Acholi,['Acute Flaccid Paralysis'],"['Cholera', 'Malaria', 'Maternal Death']",[],['Measles']
43,North Buganda,[],"['Malaria', 'Maternal Death']",['Measles'],[]
43,Karamoja,"['Plague', 'Yellow Fever']","['Malaria', 'Measles']",[],[]
43,Teso,['Acute Flaccid Paralysis'],"['Malaria', 'Maternal Death']",['Measles'],[]
43,West Nile,['Acute Flaccid Paralysis'],"['Malaria', 'Schistosomiasis']",[],['Measles']
43,Ankole,"['Anthrax', 'Plague']",['Malaria'],[],['Measles']
43,Kigezi,[],"['Malaria', 'Maternal Death']",[],[]
43,Kampala,['Maternal Death'],['Malaria'],[],['Measles']
42,Ankole,['Anthrax'],['Malaria'],[],['Measles']
42,Teso,[],"['Malaria', 'Measles']",[],[]
42,West Nile,['Acute Flaccid Paralysis'],"['Malaria', 'Maternal Death', 'Schistosomiasis']",[],['Measles']
42,Kampala,[],"['Guinea Worm', 'Malaria', 'Maternal Death']",[],['Measles']
42,Kigezi,[],['Malaria'],[],['Measles']
42,South Central,[],[],[],[]
42,Acholi,[],"['Cholera', 'Malaria']",[],[]
42,Karamoja,[],"['Malaria', 'Measles']",[],[]
42,South Buganda,[],"['Malaria', 'Maternal Death']",[],['Measles']
42,Tooro,[],"['Malaria', 'Maternal Death']",[],['Measles']
42,North Buganda,[],['Malaria'],[],['Measles']
42,North Central,[],[],[],[]
42,Bunyoro,[],"['Malaria', 'Maternal Death']",[],['Measles']
42,Bukedi,[],"['Malaria', 'Maternal Death']",[],[]
42,Busoga,['Yellow Fever'],"['Malaria', 'Maternal Death']",[],['Measles']
42,Lango,"['Acute Flaccid Paralysis', 'Measles', 'Yellow Fever']",['Malaria'],[],[]
42,Bugisu,[],"['Malaria', 'Maternal Death']",[],['Measles']
41,Acholi,[],['Malaria'],[],[]
41,North Central,[],[],[],[]
41,South Buganda,['Anthrax'],"['Malaria', 'Maternal Death']",[],['Measles']
41,South Central,[],[],[],[]
41,Kigezi,[],['Malaria'],[],[]
41,Ankole,['Anthrax'],['Malaria'],[],['Measles']
41,West Nile,['Acute Flaccid Paralysis'],"['Malaria', 'Schistosomiasis']",[],[]
41,Teso,[],"['Malaria', 'Maternal Death']",['Measles'],[]
41,Kampala,"['Acute Flaccid Paralysis', 'Yellow Fever']","['Malaria', 'Maternal Death']",[],['Measles']
41,Tooro,['Anthrax'],['Malaria'],[],['Measles']
41,Lango,['Measles'],"['Malaria', 'Maternal Death']",[],[]
41,Bugisu,[],"['Malaria', 'Maternal Death', 'Onchocerciasis']",[],['Measles']
41,Busoga,[],['Malaria'],[],['Measles']
41,Bunyoro,['Yellow Fever'],"['Malaria', 'Maternal Death', 'Schistosomiasis']",[],['Measles']
41,North Buganda,"['Acute Flaccid Paralysis', 'Yellow Fever']","['Malaria', 'Maternal Death']",['Measles'],[]
41,Karamoja,[],"['Malaria', 'Maternal Death', 'Measles']",[],[]
41,Bukedi,[],['Malaria'],[],[]
40,Kampala,[],"['Malaria', 'Maternal Death']",['Measles'],[]
40,South Central,[],[],[],[]
40,Kigezi,[],['Malaria'],[],[]
40,Ankole,['Anthrax'],['Malaria'],[],[]
40,West Nile,"['Acute Flaccid Paralysis', 'Anthrax']","['Malaria', 'Schistosomiasis']",[],['Measles']
40,Teso,['Acute Flaccid Paralysis'],"['Malaria', 'Maternal Death']",[],['Measles']
40,Karamoja,['Acute Flaccid Paralysis'],"['Malaria', 'Maternal Death']",['Measles'],[]
40,Tooro,['Anthrax'],['Malaria'],[],['Measles']
40,North Central,[],[],[],[]
40,Lango,[],"['Malaria', 'Measles']",[],[]
40,Bugisu,[],['Malaria'],[],['Measles']
40,North Buganda,['Yellow Fever'],['Malaria'],['Measles'],[]
40,South Buganda,"['Acute Flaccid Paralysis', 'Anthrax']",['Malaria'],['Measles'],[]
40,Acholi,['Acute Flaccid Paralysis'],"['Malaria', 'Maternal Death']",[],[]
40,Bukedi,['Acute Flaccid Paralysis'],['Malaria'],[],[]
40,Bunyoro,"['Acute Flaccid Paralysis', 'Yellow Fever']","['Malaria', 'Maternal Death']",[],['Measles']
40,Busoga,[],"['Malaria', 'Maternal Death']",[],['Measles']
39,South Buganda,['Anthrax'],"['Guinea Worm', 'Malaria', 'Maternal Death']",['Measles'],[]
39,South Central,[],[],[],[]
39,Tooro,[],['Malaria'],[],['Measles']
39,Bukedi,['Yellow Fever'],['Malaria'],[],['Measles']
39,Bugisu,"['Anthrax', 'Measles']","['Malaria', 'Maternal Death']",[],[]
39,Bunyoro,"['Acute Flaccid Paralysis', 'Plague']","['Malaria', 'Schistosomiasis']",[],['Measles']
39,North Central,[],[],[],[]
39,North Buganda,"['Plague', 'Yellow Fever']",['Malaria'],[],['Measles']
39,Teso,[],"['Malaria', 'Maternal Death']",[],['Measles']
39,Lango,[],"['Malaria', 'Measles']",[],[]
39,Acholi,[],"['Malaria', 'Maternal Death']",[],['Measles']
39,Karamoja,"['Acute Flaccid Paralysis', 'Cholera', 'Measles', 'Plague']",['Malaria'],[],[]
39,West Nile,['Acute Flaccid Paralysis'],"['Cholera', 'Malaria', 'Schistosomiasis']",[],['Measles']
39,Ankole,['Anthrax'],['Malaria'],[],['Measles']
39,Kigezi,[],"['Malaria', 'Maternal Death']",[],['Measles']
39,Kampala,['Yellow Fever'],"['Malaria', 'Maternal Death']",['Measles'],[]
39,Busoga,[],"['Malaria', 'Maternal Death']",[],['Measles']
38,South Central,[],[],[],[]
38,South Buganda,['Anthrax'],"['Guinea Worm', 'Malaria']",[],['Measles']
38,Busoga,['Plague'],['Malaria'],[],['Measles']
38,Bukedi,[],"['Malaria', 'Maternal Death']",[],[]
38,Bunyoro,['Acute Flaccid Paralysis'],"['Malaria', 'Maternal Death']",[],['Measles']
38,North Central,[],[],[],[]
38,North Buganda,['Plague'],['Malaria'],['Measles'],[]
38,Bugisu,[],"['Malaria', 'Maternal Death']",[],['Measles']
38,Tooro,['Acute Flaccid Paralysis'],['Malaria'],[],['Measles']
38,Acholi,[],"['Malaria', 'Maternal Death']",[],[]
38,Karamoja,[],"['Malaria', 'Maternal Death', 'Measles']",[],[]
38,Teso,[],['Malaria'],['Measles'],[]
38,West Nile,['Acute Flaccid Paralysis'],"['Cholera', 'Malaria', 'Maternal Death']",[],['Measles']
38,Ankole,"['Anthrax', 'Yellow Fever']","['Leprosy', 'Malaria', 'Maternal Death']",[],['Measles']
38,Kigezi,[],"['Malaria', 'Maternal Death']",[],['Measles']
38,Kampala,[],"['Malaria', 'Maternal Death', 'Measles']",[],[]
38,Lango,[],"['Malaria', 'Maternal Death', 'Measles']",[],[]
37,Bugisu,[],"['Dengue Fever', 'Malaria']",[],['Measles']
37,West Nile,['Acute Flaccid Paralysis'],"['Cholera', 'Malaria', 'Maternal Death']",[],[]
37,Busoga,[],"['Malaria', 'Maternal Death']",[],['Measles']
37,Bukedi,"['Acute Flaccid Paralysis', 'Yellow Fever']",['Malaria'],[],['Measles']
37,Bunyoro,[],"['Malaria', 'Maternal Death']",[],['Measles']
37,North Central,[],[],[],[]
37,Kigezi,[],['Malaria'],[],[]
37,North Buganda,['Yellow Fever'],"['Dengue Fever', 'Malaria', 'Maternal Death']",[],['Measles']
37,Lango,"['Measles', 'Yellow Fever']","['Malaria', 'Maternal Death']",[],[]
37,South Central,[],[],[],[]
37,Teso,[],"['Malaria', 'Maternal Death']",[],['Measles']
37,Ankole,['Anthrax'],"['Malaria', 'Maternal Death']",[],[]
37,South Buganda,['Anthrax'],"['Guinea Worm', 'Malaria', 'Maternal Death']",['Measles'],[]
37,Tooro,['Anthrax'],"['Malaria', 'Maternal Death']",[],['Measles']
37,Karamoja,['Anthrax'],['Malaria'],['Measles'],[]
37,Acholi,[],"['Cholera', 'Malaria', 'Maternal Death']",[],[]
37,Kampala,['Yellow Fever'],"['Malaria', 'Maternal Death', 'Measles']",[],[]
36,Bugisu,['Acute Flaccid Paralysis'],['Malaria'],[],['Measles']
36,South Buganda,['Anthrax'],"['Malaria', 'Maternal Death', 'Measles']",[],[]
36,South Central,[],[],[],[]
36,Lango,[],"['Leprosy', 'Malaria']",['Measles'],[]
36,Bukedi,[],"['Malaria', 'Maternal Death']",[],[]
36,Bunyoro,"['Measles', 'Yellow Fever']",['Malaria'],[],[]
36,North Central,[],[],[],[]
36,North Buganda,[],"['Malaria', 'Maternal Death', 'Measles']",[],[]
36,Tooro,['Anthrax'],"['Malaria', 'Maternal Death']",[],['Measles']
36,Acholi,[],"['Cholera', 'Malaria', 'Maternal Death']",[],['Measles']
36,Kampala,['Acute Flaccid Paralysis'],"['Malaria', 'Maternal Death', 'Measles']",[],[]
36,Karamoja,[],"['Malaria', 'Measles']",[],[]
36,Teso,[],['Malaria'],[],['Measles']
36,West Nile,['Acute Flaccid Paralysis'],"['Cholera', 'Leprosy', 'Malaria', 'Schistosomiasis']",[],['Measles']
36,Ankole,['Anthrax'],"['Malaria', 'Maternal Death']",[],['Measles']
36,Kigezi,[],['Malaria'],[],[]
36,Busoga,['Plague'],"['Leprosy', 'Malaria']",[],['Measles']
35,Ankole,['Anthrax'],"['Malaria', 'Maternal Death']",[],['Measles']
35,Teso,[],['Malaria'],[],['Measles']
35,West Nile,['Acute Flaccid Paralysis'],"['Cholera', 'Leprosy', 'Malaria', 'Maternal Death', 'Schistosomiasis']",[],[]
35,Acholi,[],"['Cholera', 'Malaria', 'Maternal Death']",[],['Measles']
35,Kigezi,[],['Malaria'],[],[]
35,South Central,[],[],[],[]
35,South Buganda,[],"['Guinea Worm', 'Malaria', 'Maternal Death', 'Measles']",[],[]
35,Karamoja,['Yellow Fever'],['Malaria'],[],['Measles']
35,North Buganda,"['Acute Flaccid Paralysis', 'Yellow Fever']","['Malaria', 'Maternal Death', 'Measles']",[],[]
35,Tooro,['Acute Flaccid Paralysis'],['Malaria'],[],['Measles']
35,Bugisu,[],"['Malaria', 'Maternal Death']",[],['Measles']
35,North Central,[],[],[],[]
35,Bunyoro,['Plague'],['Malaria'],[],['Measles']
35,Bukedi,[],['Malaria'],[],['Measles']
35,Busoga,[],"['Malaria', 'Measles']",[],[]
35,Kampala,"['Acute Flaccid Paralysis', 'Yellow Fever']","['Malaria', 'Maternal Death']",['Measles'],[]
35,Lango,[],"['Malaria', 'Measles']",[],[]
34,Tooro,"['Acute Flaccid Paralysis', 'Yellow Fever']",['Malaria'],[],['Measles']
34,Bunyoro,[],"['Malaria', 'Maternal Death']",[],['Measles']
34,Bukedi,[],['Malaria'],[],['Measles']
34,South Buganda,[],"['Malaria', 'Maternal Death', 'Measles']",[],[]
34,North Central,[],[],[],[]
34,Busoga,"['Acute Flaccid Paralysis', 'Yellow Fever']","['Malaria', 'Maternal Death', 'Measles']",[],[]
34,Bugisu,['Plague'],['Malaria'],[],['Measles']
34,North Buganda,"['Plague', 'Yellow Fever']","['Malaria', 'Maternal Death']",['Measles'],[]
34,Lango,['Measles'],"['Guinea Worm', 'Malaria', 'Maternal Death']",[],[]
34,Kigezi,[],['Malaria'],[],[]
34,Ankole,['Anthrax'],"['Malaria', 'Maternal Death']",[],['Measles']
34,West Nile,['Acute Flaccid Paralysis'],"['Cholera', 'Malaria', 'Onchocerciasis', 'Schistosomiasis']",[],['Measles']
34,South Central,[],[],[],[]
34,Karamoja,['Acute Flaccid Paralysis'],"['Malaria', 'Onchocerciasis']",[],['Measles']
34,Acholi,"['Acute Flaccid Paralysis', 'Cholera']","['Dengue Fever', 'Malaria']",[],[]
34,Kampala,['Maternal Death'],"['Malaria', 'Measles']",[],[]
34,Teso,[],"['Malaria', 'Maternal Death']",[],['Measles']
33,Kampala,[],"['Malaria', 'Maternal Death', 'Measles']",[],[]
33,Karamoja,[],"['Malaria', 'Maternal Death']",[],['Measles']
33,South Central,[],[],[],[]
33,Kigezi,[],"['Malaria', 'Maternal Death']",[],['Measles']
33,Ankole,['Anthrax'],"['Malaria', 'Maternal Death']",[],['Measles']
33,West Nile,['Acute Flaccid Paralysis'],"['Cholera', 'Malaria', 'Maternal Death', 'Schistosomiasis']",[],[]
33,Teso,[],"['Malaria', 'Maternal Death']",[],['Measles']
33,Acholi,[],"['Cholera', 'Malaria', 'Maternal Death']",[],[]
33,Lango,[],"['Malaria', 'Maternal Death', 'Measles']",[],[]
33,South Buganda,[],"['Malaria', 'Maternal Death', 'Measles']",[],[]
33,Tooro,"['Acute Flaccid Paralysis', 'Yellow Fever']","['Malaria', 'Maternal Death']",[],['Measles']
33,Bugisu,[],"['Malaria', 'Maternal Death']",[],['Measles']
33,North Buganda,['Plague'],"['Malaria', 'Maternal Death', 'Measles']",[],[]
33,North Central,[],[],[],[]
33,Bunyoro,[],"['Malaria', 'Maternal Death']",[],['Measles']
33,Bukedi,[],"['Malaria', 'Maternal Death']",[],['Measles']
33,Busoga,[],['Malaria'],['Measles'],[]
32,Kampala,"['Plague', 'Yellow Fever']","['Malaria', 'Maternal Death']",[],['Measles']
32,South Central,[],[],[],[]
32,Kigezi,[],['Malaria'],[],[]
32,Ankole,['Acute Flaccid Paralysis'],"['Malaria', 'Maternal Death']",[],[]
32,West Nile,['Acute Flaccid Paralysis'],"['Cholera', 'Leprosy', 'Malaria', 'Maternal Death', 'Schistosomiasis']",[],['Measles']
32,Teso,[],['Malaria'],[],['Measles']
32,Karamoja,['Acute Flaccid Paralysis'],"['Malaria', 'Maternal Death']",['Measles'],[]
32,Acholi,['Acute Flaccid Paralysis'],"['Cholera', 'Malaria', 'Maternal Death']",[],[]
32,Lango,[],"['Malaria', 'Measles']",[],[]
32,North Buganda,[],"['Malaria', 'Maternal Death']",['Measles'],[]
32,North Central,[],[],[],[]
32,Bunyoro,[],"['Malaria', 'Maternal Death']",[],['Measles']
32,Bukedi,['Acute Flaccid Paralysis'],"['Malaria', 'Maternal Death']",[],['Measles']
32,Busoga,[],"['Guinea Worm', 'Malaria']",[],['Measles']
32,Tooro,[],['Malaria'],[],['Measles']
32,South Buganda,[],"['Guinea Worm', 'Malaria']",['Measles'],[]
32,Bugisu,['Plague'],"['Malaria', 'Maternal Death']",[],['Measles']
31,Karamoja,[],['Malaria'],[],['Measles']
31,Ankole,['Anthrax'],"['Malaria', 'Maternal Death']",[],['Measles']
31,West Nile,"['Cholera', 'Yellow Fever']","['Malaria', 'Maternal Death', 'Onchocerciasis', 'Schistosomiasis']",[],['Measles']
31,Kigezi,[],"['Malaria', 'Schistosomiasis']",[],['Measles']
31,South Buganda,['Acute Flaccid Paralysis'],"['Malaria', 'Maternal Death']",[],['Measles']
31,Busoga,[],"['Malaria', 'Maternal Death']",['Measles'],[]
31,Teso,[],['Malaria'],[],['Measles']
31,South Central,[],[],[],[]
31,Kampala,['Acute Flaccid Paralysis'],"['Malaria', 'Maternal Death']",[],['Measles']
31,Tooro,[],"['Malaria', 'Maternal Death']",[],['Measles']
31,Lango,['Anthrax'],"['Malaria', 'Maternal Death']",[],[]
31,Bugisu,[],"['Malaria', 'Maternal Death']",[],['Measles']
31,North Buganda,[],['Malaria'],[],['Measles']
31,North Central,[],[],[],[]
31,Bunyoro,[],"['Malaria', 'Maternal Death', 'Schistosomiasis']",[],['Measles']
31,Acholi,['Cholera'],['Malaria'],[],['Measles']
31,Bukedi,['Acute Flaccid Paralysis'],['Malaria'],[],['Measles']
30,Acholi,['Cholera'],['Malaria'],[],[]
30,Teso,[],['Malaria'],[],['Measles']
30,South Buganda,[],"['Malaria', 'Maternal Death', 'Measles']",[],[]
30,South Central,[],[],[],[]
30,Kigezi,['Measles'],"['Malaria', 'Maternal Death']",[],[]
30,Ankole,[],"['Malaria', 'Maternal Death']",[],['Measles']
30,West Nile,[],"['Cholera', 'Malaria', 'Maternal Death', 'Onchocerciasis', 'Schistosomiasis']",[],[]
30,Karamoja,[],['Malaria'],[],[]
30,Tooro,['Yellow Fever'],"['Malaria', 'Maternal Death']",[],['Measles']
30,Kampala,[],"['Malaria', 'Maternal Death']",['Measles'],[]
30,Lango,[],"['Malaria', 'Maternal Death']",[],['Measles']
30,Bugisu,[],"['Malaria', 'Maternal Death']",[],['Measles']
30,North Buganda,['Yellow Fever'],"['Malaria', 'Maternal Death']",['Measles'],[]
30,North Central,[],[],[],[]
30,Bunyoro,"['Acute Flaccid Paralysis', 'Yellow Fever']","['Leprosy', 'Malaria', 'Maternal Death']",[],['Measles']
30,Bukedi,['Acute Flaccid Paralysis'],"['Malaria', 'Maternal Death']",[],['Measles']
30,Busoga,[],"['Malaria', 'Measles']",[],[]
29,South Buganda,['Measles'],['Malaria'],[],[]
29,Lango,[],"['Malaria', 'Measles']",[],[]
29,Ankole,[],['Malaria'],[],['Measles']
29,West Nile,"['Acute Flaccid Paralysis', 'Plague']","['Cholera', 'Malaria', 'Maternal Death', 'Schistosomiasis']",[],['Measles']
29,Teso,[],"['Malaria', 'Maternal Death']",[],['Measles']
29,Karamoja,[],['Malaria'],[],['Measles']
29,Acholi,[],"['Malaria', 'Maternal Death']",[],[]
29,Kampala,"['Acute Flaccid Paralysis', 'Plague']",['Malaria'],[],['Measles']
29,Tooro,[],['Malaria'],[],['Measles']
29,Bugisu,[],"['Malaria', 'Maternal Death']",[],['Measles']
29,North Central,[],[],[],[]
29,Bunyoro,[],"['Malaria', 'Maternal Death']",[],['Measles']
29,Bukedi,[],"['Malaria', 'Maternal Death']",[],['Measles']
29,Busoga,[],"['Malaria', 'Measles']",[],[]
29,Kigezi,['Yellow Fever'],"['Malaria', 'Maternal Death']",[],[]
29,South Central,[],[],[],[]
29,North Buganda,['Measles'],"['Malaria', 'Maternal Death']",[],[]
28,South Buganda,[],"['Malaria', 'Maternal Death']",['Measles'],[]
28,Lango,[],"['Malaria', 'Maternal Death']",[],['Measles']
28,West Nile,"['Acute Flaccid Paralysis', 'Cholera']","['Malaria', 'Maternal Death', 'Onchocerciasis', 'Schistosomiasis']",[],['Measles']
28,Teso,[],['Malaria'],[],['Measles']
28,Karamoja,[],['Malaria'],[],['Measles']
28,Acholi,['Cholera'],"['Malaria', 'Maternal Death']",[],[]
28,Kampala,[],"['Malaria', 'Maternal Death']",[],['Measles']
28,Tooro,['Plague'],['Malaria'],[],['Measles']
28,Kigezi,[],"['Malaria', 'Maternal Death']",[],['Measles']
28,North Buganda,[],"['Malaria', 'Maternal Death']",['Measles'],[]
28,North Central,[],[],[],[]
28,Bunyoro,[],"['Malaria', 'Maternal Death']",[],['Measles']
28,Bukedi,[],['Malaria'],[],['Measles']
28,Busoga,['Acute Flaccid Paralysis'],['Malaria'],[],['Measles']
28,South Central,[],[],[],[]
28,Ankole,[],['Malaria'],[],[]
28,Bugisu,[],"['Malaria', 'Maternal Death']",[],[]
27,Tooro,[],"['Malaria', 'Maternal Death']",[],['Measles']
27,Busoga,['Yellow Fever'],['Malaria'],[],['Measles']
27,Bugisu,[],"['Malaria', 'Maternal Death']",[],['Measles']
27,Bukedi,"['Acute Flaccid Paralysis', 'Plague']",['Malaria'],[],['Measles']
27,Bunyoro,['Acute Flaccid Paralysis'],"['Cholera', 'Malaria', 'Maternal Death']",[],['Measles']
27,North Central,[],[],[],[]
27,North Buganda,"['Acute Flaccid Paralysis', 'Yellow Fever']","['Malaria', 'Maternal Death']",['Measles'],[]
27,Lango,[],"['Malaria', 'Maternal Death', 'Measles']",[],[]
27,Acholi,['Cholera'],"['Malaria', 'Maternal Death']",[],[]
27,Kampala,['Plague'],"['Malaria', 'Maternal Death', 'Measles']",[],[]
27,Karamoja,[],['Malaria'],[],['Measles']
27,Teso,[],"['Malaria', 'Maternal Death']",[],['Measles']
27,West Nile,['Cholera'],"['Malaria', 'Maternal Death', 'Schistosomiasis']",[],['Measles']
27,Ankole,"['Anthrax', 'Maternal Death']",['Malaria'],[],['Measles']
27,Kigezi,[],['Malaria'],[],[]
27,South Central,[],[],[],[]
27,South Buganda,[],"['Malaria', 'Maternal Death']",['Measles'],[]
26,Busoga,['Plague'],"['Malaria', 'Measles']",[],[]
26,Bukedi,[],"['Malaria', 'Maternal Death']",[],['Measles']
26,Bunyoro,[],"['Cholera', 'Malaria']",[],['Measles']
26,North Central,[],[],[],[]
26,North Buganda,"['Acute Flaccid Paralysis', 'Yellow Fever']","['Malaria', 'Maternal Death', 'Measles']",[],[]
26,Bugisu,['Plague'],['Malaria'],[],['Measles']
26,Lango,[],"['Malaria', 'Measles']",[],[]
26,Karamoja,['Acute Flaccid Paralysis'],['Malaria'],[],['Measles']
26,Kampala,['Plague'],"['Malaria', 'Maternal Death', 'Measles']",[],[]
26,Acholi,[],"['Cholera', 'Malaria']",[],[]
26,West Nile,"['Acute Flaccid Paralysis', 'Cholera']","['Malaria', 'Onchocerciasis', 'Schistosomiasis']",[],['Measles']
26,Ankole,"['Anthrax', 'Yellow Fever']",['Malaria'],[],[]
26,South Central,[],[],[],[]
26,South Buganda,['Yellow Fever'],"['Malaria', 'Maternal Death', 'Trachoma']",['Measles'],[]
26,Tooro,['Yellow Fever'],['Malaria'],[],['Measles']
26,Kigezi,[],['Malaria'],[],[]
26,Teso,[],['Malaria'],[],[]
25,South Buganda,[],"['Malaria', 'Maternal Death']",['Measles'],[]
25,Bugisu,['Plague'],"['Malaria', 'Maternal Death']",[],['Measles']
25,South Central,[],[],[],[]
25,Busoga,['Yellow Fever'],"['Malaria', 'Maternal Death']",['Measles'],[]
25,Bukedi,[],"['Malaria', 'Maternal Death']",[],['Measles']
25,Bunyoro,[],"['Malaria', 'Maternal Death']",[],['Measles']
25,North Central,[],[],[],[]
25,North Buganda,[],"['Malaria', 'Maternal Death']",['Measles'],[]
25,Lango,[],"['Malaria', 'Maternal Death', 'Measles']",[],[]
25,Kampala,['Acute Flaccid Paralysis'],"['Malaria', 'Maternal Death', 'Measles']",[],[]
25,Acholi,[],"['Malaria', 'Maternal Death']",[],['Measles']
25,Karamoja,[],['Malaria'],[],['Measles']
25,Teso,[],['Malaria'],[],['Measles']
25,West Nile,['Acute Flaccid Paralysis'],"['Cholera', 'Malaria', 'Onchocerciasis', 'Schistosomiasis']",[],['Measles']
25,Ankole,['Anthrax'],['Malaria'],['Influenza new subtype'],['Measles']
25,Kigezi,[],"['Malaria', 'Maternal Death']",[],[]
25,Tooro,[],['Malaria'],[],['Measles']
24,Lango,[],"['Malaria', 'Measles']",[],[]
24,South Buganda,[],"['Malaria', 'Maternal Death']",[],['Measles']
24,Kigezi,[],"['Malaria', 'Maternal Death']",[],['Measles']
24,Busoga,[],"['Malaria', 'Maternal Death']",['Measles'],[]
24,Bukedi,[],"['Malaria', 'Maternal Death']",[],['Measles']
24,Bunyoro,[],['Malaria'],[],['Measles']
24,North Buganda,"['Acute Flaccid Paralysis', 'Yellow Fever']",['Malaria'],['Measles'],[]
24,Bugisu,['Acute Flaccid Paralysis'],"['Malaria', 'Maternal Death']",[],['Measles']
24,North Central,[],[],[],[]
24,Karamoja,['Anthrax'],"['Malaria', 'Maternal Death']",[],['Measles']
24,South Central,[],[],[],[]
24,Kampala,[],"['Malaria', 'Maternal Death', 'Measles']",[],[]
24,Acholi,[],"['Malaria', 'Maternal Death']",[],['Measles']
24,Tooro,['Yellow Fever'],"['Malaria', 'Maternal Death']",[],['Measles']
24,Teso,[],"['Malaria', 'Maternal Death']",[],['Measles']
24,West Nile,['Acute Flaccid Paralysis'],"['Cholera', 'Malaria', 'Maternal Death']",[],['Measles']
24,Ankole,['Anthrax'],['Malaria'],[],['Measles']
23,Karamoja,[],['Malaria'],[],['Measles']
23,South Central,[],[],[],[]
23,Bukedi,[],['Malaria'],['Measles'],[]
23,South Buganda,[],"['Malaria', 'Maternal Death']",['Measles'],[]
23,Kigezi,[],"['Malaria', 'Maternal Death']",[],[]
23,Ankole,[],"['Malaria', 'Maternal Death']",[],['Measles']
23,West Nile,['Acute Flaccid Paralysis'],"['Cholera', 'Malaria', 'Onchocerciasis', 'Schistosomiasis']",[],['Measles']
23,Teso,[],"['Malaria', 'Maternal Death']",[],['Measles']
23,Busoga,[],"['Malaria', 'Maternal Death']",[],['Measles']
23,Tooro,['Yellow Fever'],"['Malaria', 'Maternal Death']",[],['Measles']
23,Acholi,[],['Malaria'],[],[]
23,Lango,[],['Malaria'],[],['Measles']
23,Bugisu,['Acute Flaccid Paralysis'],['Malaria'],['Measles'],[]
23,North Buganda,[],"['Malaria', 'Maternal Death']",['Measles'],[]
23,North Central,[],[],[],[]
23,Bunyoro,[],"['Malaria', 'Maternal Death']",[],['Measles']
23,Kampala,['Measles'],"['Malaria', 'Maternal Death']",[],[]
22,Ankole,['Anthrax'],['Malaria'],[],['Measles']
22,Teso,[],['Malaria'],[],[]
22,West Nile,['Acute Flaccid Paralysis'],"['Malaria', 'Maternal Death', 'Onchocerciasis']",[],[]
22,South Buganda,[],['Malaria'],['Measles'],[]
22,Kigezi,['Anthrax'],"['Malaria', 'Maternal Death']",[],[]
22,South Central,[],[],[],[]
22,Tooro,[],['Malaria'],[],['Measles']
22,Karamoja,['Acute Flaccid Paralysis'],"['Malaria', 'Maternal Death']",[],['Measles']
22,Busoga,[],"['Malaria', 'Maternal Death']",['Measles'],[]
22,Acholi,[],"['Malaria', 'Maternal Death']",[],[]
22,Bugisu,[],['Malaria'],[],['Measles']
22,North Buganda,[],"['Malaria', 'Maternal Death']",[],['Measles']
22,North Central,[],[],[],[]
22,Bunyoro,"['Acute Flaccid Paralysis', 'Yellow Fever']",['Malaria'],[],['Measles']
22,Bukedi,"['Measles', 'Yellow Fever']","['Malaria', 'Maternal Death']",[],[]
22,Kampala,[],"['Malaria', 'Maternal Death', 'Measles']",[],[]
22,Lango,[],['Malaria'],[],['Measles']
21,Karamoja,[],"['Malaria', 'Maternal Death']",[],['Measles']
21,Busoga,[],"['Malaria', 'Maternal Death', 'Measles']",[],[]
21,South Buganda,[],"['Malaria', 'Maternal Death']",[],['Measles']
21,South Central,[],['Malaria'],['Measles'],[]
21,Kigezi,[],['Malaria'],[],[]
21,Ankole,['Anthrax'],['Malaria'],['Measles'],[]
21,West Nile,['Acute Flaccid Paralysis'],"['Malaria', 'Maternal Death']",[],['Measles']
21,Teso,[],['Malaria'],[],['Measles']
21,Acholi,[],"['Malaria', 'Maternal Death']",[],['Measles']
21,Tooro,[],['Malaria'],[],['Measles']
21,Lango,[],['Malaria'],[],['Measles']
21,Bugisu,[],"['Malaria', 'Maternal Death']",[],['Measles']
21,North Buganda,[],['Malaria'],[],['Measles']
21,North Central,[],"['Malaria', 'Maternal Death']",['Measles'],[]
21,Bunyoro,[],['Malaria'],[],['Measles']
21,Bukedi,[],['Malaria'],['Measles'],[]
21,Kampala,"['Acute Flaccid Paralysis', 'Yellow Fever']","['Cholera', 'Malaria', 'Maternal Death', 'Measles']",[],[]
20,South Buganda,[],['Malaria'],['Measles'],[]
20,Tooro,[],"['Lymphatic Filariasis', 'Malaria']",[],['Measles']
20,Teso,[],"['Malaria', 'Maternal Death']",[],['Measles']
20,West Nile,[],"['Malaria', 'Maternal Death', 'Onchocerciasis', 'Schistosomiasis']",[],['Measles']
20,Karamoja,[],['Malaria'],[],[]
20,Acholi,['Acute Flaccid Paralysis'],"['Malaria', 'Maternal Death']",[],['Measles']
20,Kampala,"['Acute Flaccid Paralysis', 'Measles']","['Malaria', 'Maternal Death']",[],[]
20,Bugisu,[],"['Malaria', 'Maternal Death']",[],['Measles']
20,South Central,[],['Malaria'],[],['Measles']
20,North Central,"['Acute Flaccid Paralysis', 'Plague']","['Cholera', 'Guinea Worm', 'Malaria', 'Maternal Death']",['Measles'],[]
20,Bunyoro,[],"['Malaria', 'Maternal Death']",[],['Measles']
20,Bukedi,['Plague'],"['Malaria', 'Maternal Death']",[],['Measles']
20,Busoga,"['Measles', 'Yellow Fever']","['Malaria', 'Maternal Death']",[],[]
20,Ankole,[],"['Malaria', 'Maternal Death']",['Measles'],[]
20,North Buganda,[],"['Malaria', 'Maternal Death']",[],['Measles']
20,Kigezi,[],['Malaria'],[],['Measles']
20,Lango,[],"['Malaria', 'Maternal Death']",[],['Measles']
19,Kampala,"['Acute Flaccid Paralysis', 'Plague']","['Malaria', 'Maternal Death', 'Measles']",[],[]
19,Tooro,['Yellow Fever'],"['Malaria', 'Maternal Death']",[],['Measles']
19,Bukedi,['Yellow Fever'],['Malaria'],[],['Measles']
19,Busoga,[],"['Malaria', 'Maternal Death', 'Measles']",[],[]
19,Bunyoro,[],['Malaria'],['Measles'],[]
19,North Central,['Plague'],"['Malaria', 'Maternal Death']",['Measles'],[]
19,North Buganda,[],['Malaria'],[],['Measles']
19,Bugisu,[],"['Malaria', 'Maternal Death']",[],['Measles']
19,Karamoja,"['Acute Flaccid Paralysis', 'Yellow Fever']",['Malaria'],[],['Measles']
19,Acholi,[],['Malaria'],[],['Measles']
19,Teso,[],['Malaria'],[],[]
19,West Nile,[],"['Malaria', 'Onchocerciasis']",[],['Measles']
19,Ankole,[],"['Malaria', 'Maternal Death']",['Measles'],[]
19,Kigezi,[],"['Malaria', 'Maternal Death']",[],[]
19,South Central,[],"['Malaria', 'Measles']",[],[]
19,South Buganda,['Yellow Fever'],['Malaria'],[],['Measles']
19,Lango,[],['Malaria'],[],['Measles']
18,Kampala,['Plague'],"['Malaria', 'Maternal Death', 'Measles']",[],[]
18,Bunyoro,['Acute Flaccid Paralysis'],"['Malaria', 'Maternal Death']",[],['Measles']
18,Busoga,['Acute Flaccid Paralysis'],"['Malaria', 'Maternal Death', 'Measles']",[],[]
18,North Central,['Yellow Fever'],"['Malaria', 'Maternal Death', 'Measles']",[],[]
18,North Buganda,[],['Malaria'],[],['Measles']
18,Bugisu,[],"['Malaria', 'Maternal Death']",[],['Measles']
18,Lango,[],['Malaria'],[],[]
18,Tooro,['Yellow Fever'],"['Lymphatic Filariasis', 'Malaria']",[],['Measles']
18,Karamoja,[],['Malaria'],[],['Measles']
18,Teso,[],"['Malaria', 'Maternal Death']",[],['Measles']
18,West Nile,['Acute Flaccid Paralysis'],"['Malaria', 'Maternal Death', 'Schistosomiasis']",[],['Measles']
18,Ankole,[],['Malaria'],[],['Measles']
18,Kigezi,[],['Malaria'],[],['Measles']
18,South Central,['Measles'],"['Malaria', 'Maternal Death']",[],[]
18,South Buganda,[],['Malaria'],[],[]
18,Acholi,[],"['Malaria', 'Maternal Death']",[],[]
18,Bukedi,[],['Malaria'],[],['Measles']
17,Lango,['Plague'],"['Malaria', 'Maternal Death']",[],['Measles']
17,West Nile,['Acute Flaccid Paralysis'],"['Malaria', 'Maternal Death', 'Schistosomiasis']",[],[]
17,Teso,['Acute Flaccid Paralysis'],"['Malaria', 'Maternal Death']",[],['Measles']
17,Karamoja,[],['Malaria'],[],[]
17,Acholi,[],"['Cholera', 'Malaria', 'Maternal Death']",[],['Measles']
17,Kampala,['Plague'],"['Malaria', 'Maternal Death', 'Measles']",[],[]
17,Tooro,[],['Malaria'],['Measles'],[]
17,Ankole,['Acute Flaccid Paralysis'],['Malaria'],[],['Measles']
17,South Buganda,[],['Malaria'],[],['Measles']
17,North Buganda,[],['Malaria'],[],[]
17,North Central,[],"['Malaria', 'Maternal Death', 'Measles']",[],[]
17,Bunyoro,['Yellow Fever'],"['Malaria', 'Maternal Death', 'Measles']",[],[]
17,Bukedi,[],"['Malaria', 'Maternal Death']",[],['Measles']
17,Busoga,['Acute Flaccid Paralysis'],"['Malaria', 'Maternal Death', 'Measles']",[],[]
17,Bugisu,['Yellow Fever'],"['Malaria', 'Maternal Death']",[],['Measles']
17,Kigezi,[],"['Malaria', 'Maternal Death']",[],['Measles']
17,South Central,[],"['Malaria', 'Measles']",[],[]
16,Karamoja,['Acute Flaccid Paralysis'],['Malaria'],[],['Measles']
16,Ankole,['Anthrax'],"['Malaria', 'Maternal Death']",[],['Measles']
16,West Nile,[],['Malaria'],[],[]
16,Teso,[],"['Malaria', 'Maternal Death']",[],[]
16,Kigezi,[],['Malaria'],[],[]
16,Acholi,[],['Malaria'],[],['Measles']
16,Bunyoro,[],"['Dengue Fever', 'Malaria', 'Maternal Death']",[],['Measles']
16,Tooro,['Yellow Fever'],['Malaria'],[],['Measles']
16,Lango,[],['Malaria'],[],['Measles']
16,Bugisu,[],"['Malaria', 'Maternal Death']",[],['Measles']
16,North Central,['Measles'],"['Malaria', 'Maternal Death']",[],[]
16,Bukedi,[],['Malaria'],[],['Measles']
16,South Central,['Acute Flaccid Paralysis'],"['Malaria', 'Maternal Death']",['Measles'],[]
16,Kampala,['Measles'],"['Cholera', 'Malaria', 'Maternal Death']",[],[]
16,South Buganda,[],['Malaria'],[],['Measles']
16,Busoga,['Acute Flaccid Paralysis'],"['Malaria', 'Maternal Death', 'Measles']",[],[]
16,North Buganda,[],['Malaria'],[],['Measles']
15,Bugisu,[],['Malaria'],[],['Measles']
15,Kigezi,['Anthrax'],['Malaria'],[],[]
15,South Central,['Plague'],"['Malaria', 'Maternal Death', 'Measles']",[],[]
15,Busoga,['Acute Flaccid Paralysis'],"['Malaria', 'Maternal Death', 'Measles']",[],[]
15,South Buganda,[],['Malaria'],[],[]
15,Bukedi,[],"['Malaria', 'Maternal Death']",[],['Measles']
15,Bunyoro,['Yellow Fever'],['Malaria'],[],['Measles']
15,North Central,[],"['Malaria', 'Maternal Death', 'Measles']",[],[]
15,Lango,[],"['Malaria', 'Maternal Death']",[],['Measles']
15,North Buganda,[],['Malaria'],[],[]
15,Kampala,"['Acute Flaccid Paralysis', 'Plague']","['Dengue Fever', 'Malaria', 'Maternal Death']",[],['Measles']
15,Acholi,['Anthrax'],"['Cholera', 'Malaria']",['Measles'],[]
15,Karamoja,"['Acute Flaccid Paralysis', 'Yellow Fever']",['Malaria'],[],['Measles']
15,Teso,['Acute Flaccid Paralysis'],['Malaria'],[],['Measles']
15,West Nile,"['Acute Flaccid Paralysis', 'Yellow Fever']","['Malaria', 'Maternal Death']",[],[]
15,Ankole,[],['Malaria'],[],['Measles']
15,Tooro,"['Acute Flaccid Paralysis', 'Yellow Fever']","['Malaria', 'Maternal Death']",[],['Measles']
14,Acholi,[],['Malaria'],[],['Measles']
14,South Buganda,[],['Malaria'],[],[]
14,South Central,[],['Malaria'],['Measles'],[]
14,Kigezi,['Anthrax'],"['Malaria', 'Maternal Death']",[],[]
14,Ankole,['Anthrax'],['Malaria'],[],['Measles']
14,West Nile,['Yellow Fever'],"['Malaria', 'Schistosomiasis']",[],['Measles']
14,Teso,[],"['Malaria', 'Maternal Death']",[],['Measles']
14,Karamoja,[],"['Malaria', 'Maternal Death']",[],['Measles']
14,Busoga,[],['Malaria'],['Measles'],[]
14,Kampala,[],"['Malaria', 'Maternal Death', 'Measles']",[],[]
14,Tooro,['Yellow Fever'],"['Malaria', 'Maternal Death']",[],['Measles']
14,Lango,[],"['Malaria', 'Maternal Death', 'Measles']",[],[]
14,Bugisu,[],['Malaria'],[],['Measles']
14,North Buganda,[],['Malaria'],[],[]
14,North Central,['Yellow Fever'],"['Malaria', 'Maternal Death', 'Measles']",[],[]
14,Bunyoro,[],['Malaria'],[],['Measles']
14,Bukedi,[],"['Malaria', 'Maternal Death']",['Measles'],[]
13,South Buganda,[],['Malaria'],[],[]
13,Kigezi,[],"['Malaria', 'Maternal Death', 'Onchocerciasis']",[],['Measles']
13,Busoga,"['Measles', 'Yellow Fever']","['Malaria', 'Maternal Death']",[],[]
13,Lango,[],"['Malaria', 'Maternal Death']",[],['Measles']
13,Bunyoro,['Yellow Fever'],"['Malaria', 'Maternal Death', 'Schistosomiasis']",[],['Measles']
13,North Central,['Acute Flaccid Paralysis'],"['Malaria', 'Maternal Death', 'Measles']",[],[]
13,South Central,[],"['Malaria', 'Maternal Death']",['Measles'],[]
13,North Buganda,[],['Malaria'],[],[]
13,Bukedi,[],"['Malaria', 'Maternal Death']",[],['Measles']
13,Tooro,[],"['Lymphatic Filariasis', 'Malaria', 'Measles']",[],[]
13,Acholi,['Acute Flaccid Paralysis'],['Malaria'],[],['Measles']
13,Karamoja,"['Acute Flaccid Paralysis', 'Yellow Fever']","['Malaria', 'Maternal Death']",[],['Measles']
13,Teso,['Acute Flaccid Paralysis'],"['Malaria', 'Maternal Death']",[],[]
13,Bugisu,[],"['Guinea Worm', 'Malaria']",[],['Measles']
13,West Nile,[],"['Malaria', 'Maternal Death', 'Onchocerciasis', 'Schistosomiasis']",[],['Measles']
13,Ankole,['Anthrax'],"['Malaria', 'Maternal Death']",[],['Measles']
13,Kampala,['Acute Flaccid Paralysis'],"['Cholera', 'Malaria', 'Maternal Death']",[],['Measles']
12,Tooro,[],"['Malaria', 'Maternal Death']",[],['Measles']
12,South Central,['Measles'],"['Malaria', 'Maternal Death']",[],[]
12,Bukedi,['Yellow Fever'],"['Malaria', 'Maternal Death']",['Measles'],[]
12,Bunyoro,[],"['Cholera', 'Malaria', 'Maternal Death']",[],['Measles']
12,North Central,['Yellow Fever'],"['Malaria', 'Maternal Death', 'Measles']",[],[]
12,North Buganda,[],['Malaria'],[],[]
12,Bugisu,['Acute Flaccid Paralysis'],"['Malaria', 'Measles']",[],[]
12,Lango,[],"['Malaria', 'Maternal Death']",[],[]
12,Acholi,['Acute Flaccid Paralysis'],"['Malaria', 'Maternal Death']",['Measles'],[]
12,Karamoja,[],"['Malaria', 'Maternal Death']",[],['Measles']
12,Teso,['Plague'],"['Malaria', 'Maternal Death']",[],['Measles']
12,West Nile,[],"['Malaria', 'Maternal Death', 'Schistosomiasis', 'Trachoma']",[],['Measles']
12,Ankole,"['Anthrax', 'Yellow Fever']","['Malaria', 'Maternal Death']",[],['Measles']
12,Kigezi,[],['Malaria'],[],[]
12,Kampala,[],"['Malaria', 'Maternal Death']",['Measles'],[]
12,Busoga,['Measles'],['Malaria'],[],[]
12,South Buganda,[],['Malaria'],[],[]
11,Kampala,['Acute Flaccid Paralysis'],"['Malaria', 'Measles']",[],[]
11,South Buganda,[],['Malaria'],[],[]
11,Kigezi,[],['Malaria'],[],['Measles']
11,Ankole,[],['Malaria'],[],['Measles']
11,West Nile,[],"['Malaria', 'Maternal Death', 'Schistosomiasis']",['Measles'],[]
11,Teso,['Acute Flaccid Paralysis'],['Malaria'],[],[]
11,Karamoja,"['Anthrax', 'Yellow Fever']","['Malaria', 'Maternal Death', 'Measles']",[],[]
11,Acholi,[],"['Cholera', 'Malaria', 'Maternal Death']",[],['Measles']
11,Tooro,[],"['Malaria', 'Maternal Death']",[],['Measles']
11,South Central,[],"['Malaria', 'Measles']",[],[]
11,Bunyoro,[],"['Cholera', 'Malaria', 'Maternal Death']",[],['Measles']
11,Busoga,[],"['Malaria', 'Maternal Death', 'Measles']",[],[]
11,Bukedi,[],['Malaria'],[],['Measles']
11,Lango,[],['Malaria'],[],[]
11,North Central,[],"['Malaria', 'Maternal Death', 'Measles']",[],[]
11,North Buganda,[],['Malaria'],[],[]
11,Bugisu,['Acute Flaccid Paralysis'],"['Malaria', 'Maternal Death']",[],['Measles']
10,Tooro,['Plague'],"['Guinea Worm', 'Malaria']",[],['Measles']
10,Kampala,['Yellow Fever'],"['Malaria', 'Maternal Death', 'Measles']",[],[]
10,Kigezi,[],['Malaria'],[],['Measles']
10,Ankole,['Anthrax'],['Malaria'],[],['Measles']
10,West Nile,[],"['Malaria', 'Schistosomiasis', 'Trachoma']",[],['Measles']
10,Teso,[],"['Malaria', 'Maternal Death']",[],['Measles']
10,Karamoja,['Measles'],['Malaria'],[],[]
10,Acholi,"['Acute Flaccid Paralysis', 'Cholera']",['Malaria'],[],['Measles']
10,Bugisu,[],['Malaria'],['Measles'],[]
10,North Central,['Plague'],"['Malaria', 'Maternal Death', 'Measles']",[],[]
10,North Buganda,[],['Malaria'],[],['Measles']
10,Bunyoro,['Yellow Fever'],"['Cholera', 'Malaria', 'Maternal Death']",[],['Measles']
10,Bukedi,[],['Malaria'],[],['Measles']
10,Busoga,[],"['Malaria', 'Measles']",['Influenza new subtype'],[]
10,South Buganda,[],['Malaria'],[],['Measles']
10,Lango,[],['Malaria'],[],['Measles']
10,South Central,[],"['Malaria', 'Maternal Death', 'Measles']",[],[]
9,Ankole,['Anthrax'],"['Malaria', 'Maternal Death']",['Measles'],[]
9,Karamoja,"['Anthrax', 'Yellow Fever']",['Malaria'],['Measles'],[]
9,West Nile,"['Acute Flaccid Paralysis', 'Yellow Fever']","['Malaria', 'Maternal Death', 'Schistosomiasis']",['Measles'],[]
9,Kampala,"['Acute Flaccid Paralysis', 'Yellow Fever']","['Malaria', 'Maternal Death', 'Measles']",[],[]
9,Kigezi,[],"['Malaria', 'Maternal Death']",[],['Measles']
9,South Central,[],"['Malaria', 'Maternal Death']",[],['Measles']
9,South Buganda,[],"['Malaria', 'Maternal Death']",[],['Measles']
9,Acholi,['Cholera'],['Malaria'],['Measles'],[]
9,Tooro,[],"['Malaria', 'Maternal Death']",[],['Measles']
9,Teso,['Acute Flaccid Paralysis'],"['Malaria', 'Maternal Death']",[],['Measles']
9,Bugisu,[],"['Malaria', 'Maternal Death']",[],['Measles']
9,North Buganda,['Measles'],"['Malaria', 'Maternal Death']",[],[]
9,North Central,"['Measles', 'Plague']","['Malaria', 'Maternal Death']",[],[]
9,Bunyoro,['Plague'],"['Cholera', 'Malaria']",[],['Measles']
9,Bukedi,[],"['Malaria', 'Maternal Death']",['Measles'],[]
9,Busoga,"['Acute Flaccid Paralysis', 'Yellow Fever']","['Malaria', 'Maternal Death']",['Measles'],[]
9,Lango,['Measles'],"['Malaria', 'Maternal Death']",[],[]
8,Kampala,"['Acute Flaccid Paralysis', 'Plague']","['Malaria', 'Maternal Death', 'Measles']",[],[]
8,Bukedi,['Yellow Fever'],"['Malaria', 'Maternal Death', 'Measles']",[],[]
8,Bunyoro,[],"['Cholera', 'Malaria', 'Maternal Death']",[],['Measles']
8,North Central,['Yellow Fever'],"['Malaria', 'Maternal Death']",['Measles'],[]
8,North Buganda,"['Acute Flaccid Paralysis', 'Yellow Fever']","['Dengue Fever', 'Malaria']",['Measles'],[]
8,Bugisu,"['Anthrax', 'Yellow Fever']","['Malaria', 'Maternal Death']",[],['Measles']
8,Lango,['Acute Flaccid Paralysis'],"['Malaria', 'Maternal Death']",['Measles'],[]
8,Tooro,['Acute Flaccid Paralysis'],"['Lymphatic Filariasis', 'Malaria', 'Trachoma']",[],['Measles']
8,Karamoja,[],"['Malaria', 'Maternal Death']",[],['Measles']
8,Teso,[],"['Malaria', 'Maternal Death']",[],['Measles']
8,West Nile,['Acute Flaccid Paralysis'],"['Cholera', 'Malaria', 'Maternal Death', 'Schistosomiasis', 'Trachoma']",[],['Measles']
8,Ankole,"['Acute Flaccid Paralysis', 'Anthrax']","['Malaria', 'Maternal Death']",[],['Measles']
8,Kigezi,[],"['Malaria', 'Maternal Death']",[],['Measles']
8,South Central,['Acute Flaccid Paralysis'],"['Malaria', 'Maternal Death', 'Measles']",[],[]
8,South Buganda,['Anthrax'],"['Malaria', 'Maternal Death']","['Influenza new subtype', 'Measles']",[]
8,Busoga,[],"['Guinea Worm', 'Malaria', 'Maternal Death', 'Measles']",[],['Influenza new subtype']
8,Acholi,[],"['Cholera', 'Malaria']",['Measles'],[]
7,Lango,[],"['Malaria', 'Maternal Death']",['Measles'],[]
7,Kigezi,['Acute Flaccid Paralysis'],['Malaria'],[],['Measles']
7,West Nile,['Acute Flaccid Paralysis'],"['Malaria', 'Schistosomiasis', 'Trachoma']",[],['Measles']
7,Teso,['Yellow Fever'],"['Malaria', 'Maternal Death']",[],['Measles']
7,Karamoja,"['Acute Flaccid Paralysis', 'Anthrax']","['Malaria', 'Maternal Death', 'Measles']",[],[]
7,Acholi,['Acute Flaccid Paralysis'],"['Cholera', 'Malaria', 'Maternal Death', 'Measles']",[],[]
7,Kampala,[],"['Malaria', 'Maternal Death', 'Measles']",[],[]
7,Tooro,"['Acute Flaccid Paralysis', 'Yellow Fever']","['Lymphatic Filariasis', 'Malaria', 'Maternal Death']",[],['Measles']
7,South Buganda,['Anthrax'],"['Malaria', 'Maternal Death']",['Measles'],[]
7,Ankole,"['Acute Flaccid Paralysis', 'Anthrax']","['Malaria', 'Maternal Death']",[],['Measles']
7,Bugisu,['Acute Flaccid Paralysis'],['Malaria'],['Measles'],[]
7,North Buganda,"['Acute Flaccid Paralysis', 'Plague']","['Malaria', 'Maternal Death']",[],['Measles']
7,North Central,[],"['Malaria', 'Maternal Death']",['Measles'],[]
7,Bunyoro,['Cholera'],"['Malaria', 'Maternal Death']",['Measles'],[]
7,Bukedi,['Yellow Fever'],"['Malaria', 'Maternal Death']",[],['Measles']
7,Busoga,[],"['Malaria', 'Maternal Death']",['Measles'],['Influenza new subtype']
7,South Central,['Yellow Fever'],"['Malaria', 'Measles']",[],[]
6,Busoga,[],"['Guinea Worm', 'Malaria', 'Maternal Death']",['Measles'],[]
6,Acholi,['Plague'],"['Cholera', 'Malaria', 'Maternal Death', 'Measles']",[],[]
6,North Central,['Yellow Fever'],"['Malaria', 'Maternal Death']",['Measles'],[]
6,North Buganda,['Acute Flaccid Paralysis'],['Malaria'],[],['Measles']
6,Kampala,['Plague'],"['Malaria', 'Maternal Death', 'Measles']",[],[]
6,Bugisu,[],"['Malaria', 'Maternal Death']",['Measles'],[]
6,Lango,[],['Malaria'],['Measles'],[]
6,Tooro,['Anthrax'],"['Malaria', 'Maternal Death']",[],['Measles']
6,Kigezi,['Anthrax'],"['Malaria', 'Maternal Death']",[],['Measles']
6,Karamoja,['Plague'],"['Malaria', 'Maternal Death', 'Measles']",[],[]
6,West Nile,"['Acute Flaccid Paralysis', 'Yellow Fever']","['Malaria', 'Maternal Death', 'Schistosomiasis']",[],['Measles']
6,Ankole,"['Anthrax', 'Yellow Fever']","['Malaria', 'Maternal Death']",[],[]
6,South Central,['Measles'],"['Malaria', 'Maternal Death']",[],[]
6,South Buganda,"['Anthrax', 'Yellow Fever']","['Malaria', 'Maternal Death']",[],['Measles']
6,Bunyoro,['Yellow Fever'],"['Cholera', 'Malaria', 'Maternal Death', 'Schistosomiasis']",['Measles'],[]
6,Bukedi,[],"['Guinea Worm', 'Malaria', 'Maternal Death']",[],['Measles']
6,Teso,[],['Malaria'],[],['Measles']
5,Kampala,"['Measles', 'Plague']","['Malaria', 'Maternal Death']",[],[]
5,Bukedi,['Acute Flaccid Paralysis'],['Malaria'],[],['Measles']
5,Bunyoro,['Acute Flaccid Paralysis'],"['Malaria', 'Maternal Death']",[],['Measles']
5,North Central,[],"['Malaria', 'Maternal Death', 'Measles']",[],[]
5,North Buganda,[],"['Malaria', 'Maternal Death']",['Measles'],[]
5,Bugisu,[],"['Dengue Fever', 'Malaria']",['Measles'],[]
5,Lango,[],"['Cholera', 'Malaria', 'Maternal Death']",[],['Measles']
5,Tooro,['Yellow Fever'],"['Lymphatic Filariasis', 'Malaria', 'Maternal Death']",[],['Measles']
5,West Nile,['Acute Flaccid Paralysis'],"['Malaria', 'Maternal Death', 'Schistosomiasis', 'Trachoma']",[],['Measles']
5,Karamoja,['Acute Flaccid Paralysis'],"['Malaria', 'Measles']",[],[]
5,Teso,['Yellow Fever'],['Malaria'],[],[]
5,Ankole,['Anthrax'],"['Malaria', 'Maternal Death']",[],['Measles']
5,Kigezi,['Acute Flaccid Paralysis'],['Malaria'],[],['Measles']
5,South Central,['Measles'],"['Malaria', 'Maternal Death']",[],[]
5,South Buganda,[],"['Guinea Worm', 'Malaria']",[],['Measles']
5,Acholi,[],"['Cholera', 'Malaria', 'Maternal Death', 'Measles']",[],[]
5,Busoga,[],"['Guinea Worm', 'Malaria', 'Maternal Death', 'Measles']",[],[]
4,Bunyoro,['Yellow Fever'],"['Malaria', 'Maternal Death']",[],['Measles']
4,North Buganda,['Measles'],"['Malaria', 'Maternal Death']",[],[]
4,Lango,['Acute Flaccid Paralysis'],"['Malaria', 'Maternal Death']",[],['Measles']
4,Bugisu,['Acute Flaccid Paralysis'],"['Malaria', 'Maternal Death']",[],['Measles']
4,North Central,[],"['Malaria', 'Measles']",[],[]
4,Bukedi,['Acute Flaccid Paralysis'],"['Malaria', 'Maternal Death']",[],['Measles']
4,Busoga,"['Plague', 'Yellow Fever']","['Guinea Worm', 'Malaria', 'Maternal Death', 'Measles']",[],[]
4,Tooro,[],"['Malaria', 'Maternal Death']",[],['Measles']
4,South Buganda,['Acute Flaccid Paralysis'],['Malaria'],[],['Measles']
4,Kampala,['Measles'],"['Malaria', 'Maternal Death']",[],[]
4,Acholi,"['Acute Flaccid Paralysis', 'Cholera']","['Malaria', 'Maternal Death', 'Measles']",[],[]
4,Karamoja,[],"['Malaria', 'Maternal Death', 'Measles']",[],[]
4,Teso,[],['Malaria'],[],['Measles']
4,West Nile,['Acute Flaccid Paralysis'],"['Malaria', 'Onchocerciasis', 'Schistosomiasis']",[],['Measles']
4,Ankole,['Anthrax'],"['Malaria', 'Maternal Death']",[],['Measles']
4,Kigezi,['Maternal Death'],['Malaria'],[],['Measles']
4,South Central,[],"['Malaria', 'Maternal Death']",[],['Measles']
3,North Buganda,[],['Malaria'],[],['Measles']
3,Busoga,['Acute Flaccid Paralysis'],"['Malaria', 'Maternal Death', 'Measles']",[],[]
3,Bukedi,[],"['Malaria', 'Maternal Death']",[],['Measles']
3,Tooro,['Acute Flaccid Paralysis'],"['Malaria', 'Maternal Death']",[],['Measles']
3,North Central,['Acute Flaccid Paralysis'],"['Malaria', 'Maternal Death', 'Measles']",[],[]
3,Bugisu,[],['Malaria'],[],['Measles']
3,Lango,[],"['Malaria', 'Maternal Death']",[],['Measles']
3,Kampala,['Measles'],"['Malaria', 'Maternal Death']",[],[]
3,Bunyoro,['Yellow Fever'],"['Malaria', 'Maternal Death']",[],['Measles']
3,Karamoja,[],"['Malaria', 'Measles']",[],[]
3,West Nile,"['Acute Flaccid Paralysis', 'Plague']","['Cholera', 'Leprosy', 'Malaria', 'Maternal Death', 'Schistosomiasis']",[],['Measles']
3,Ankole,"['Acute Flaccid Paralysis', 'Anthrax']","['Malaria', 'Maternal Death']",[],[]
3,Kigezi,[],"['Malaria', 'Maternal Death']",[],['Measles']
3,South Central,"['Anthrax', 'Yellow Fever']","['Malaria', 'Maternal Death']",['Measles'],[]
3,South Buganda,[],"['Malaria', 'Maternal Death']",['Measles'],[]
3,Acholi,"['Acute Flaccid Paralysis', 'Cholera', 'Measles']","['Malaria', 'Maternal Death']",[],[]
3,Teso,['Acute Flaccid Paralysis'],['Malaria'],[],[]
2,Tooro,['Acute Flaccid Paralysis'],"['Malaria', 'Maternal Death']",[],['Measles']
2,Lango,[],"['Malaria', 'Maternal Death']",[],['Measles']
2,Busoga,"['Acute Flaccid Paralysis', 'Plague', 'Yellow Fever']","['Malaria', 'Maternal Death']",['Measles'],[]
2,Bukedi,['Yellow Fever'],"['Malaria', 'Maternal Death']",['Measles'],[]
2,Bunyoro,['Yellow Fever'],"['Malaria', 'Maternal Death', 'Schistosomiasis']",['Measles'],[]
2,North Central,['Measles'],"['Malaria', 'Maternal Death']",[],[]
2,North Buganda,['Acute Flaccid Paralysis'],"['Malaria', 'Maternal Death']",[],['Measles']
2,Bugisu,[],"['Malaria', 'Maternal Death', 'Measles']",[],[]
2,Kampala,"['Acute Flaccid Paralysis', 'Measles']","['Malaria', 'Maternal Death']",[],[]
2,Acholi,"['Anthrax', 'Cholera']","['Malaria', 'Maternal Death']",['Measles'],[]
2,Karamoja,['Anthrax'],"['Malaria', 'Measles']",[],[]
2,Teso,['Acute Flaccid Paralysis'],"['Malaria', 'Maternal Death']",[],['Measles']
2,West Nile,['Yellow Fever'],"['Cholera', 'Malaria', 'Maternal Death', 'Schistosomiasis']",[],['Measles']
2,Ankole,"['Acute Flaccid Paralysis', 'Anthrax', 'Yellow Fever']",['Malaria'],[],['Measles']
2,Kigezi,['Measles'],['Malaria'],[],[]
2,South Central,['Yellow Fever'],"['Malaria', 'Maternal Death']",[],['Measles']
2,South Buganda,[],"['Malaria', 'Maternal Death']",['Measles'],[]
1,North Buganda,[],"['Dengue Fever', 'Malaria', 'Maternal Death', 'Trachoma']",[],['Measles']
1,Kigezi,"['Measles', 'Yellow Fever']","['Malaria', 'Maternal Death']",[],[]
1,Ankole,[],"['Malaria', 'Maternal Death']",['Measles'],[]
1,West Nile,"['Acute Flaccid Paralysis', 'Plague']","['Cholera', 'Malaria', 'Schistosomiasis']",[],['Measles']
1,Teso,[],"['Malaria', 'Maternal Death']",[],['Measles']
1,Karamoja,['Anthrax'],"['Malaria', 'Maternal Death', 'Measles']",[],[]
1,Acholi,"['Measles', 'Yellow Fever']","['Malaria', 'Maternal Death']",[],[]
1,Kampala,"['Acute Flaccid Paralysis', 'Measles']","['Malaria', 'Maternal Death']",[],[]
1,Bukedi,[],"['Malaria', 'Maternal Death', 'Measles']",[],[]
1,Lango,[],"['Malaria', 'Maternal Death']",[],['Measles']
1,North Central,[],"['Malaria', 'Maternal Death', 'Measles']",[],[]
1,Bunyoro,"['Acute Flaccid Paralysis', 'Yellow Fever']","['Malaria', 'Maternal Death', 'Schistosomiasis']",[],['Measles']
1,Busoga,[],"['Malaria', 'Maternal Death', 'Measles']",[],[]
1,South Buganda,['Measles'],"['Malaria', 'Maternal Death']",[],[]
1,Tooro,[],"['Malaria', 'Maternal Death']",[],['Measles']
1,South Central,[],"['Malaria', 'Maternal Death']",['Measles'],[]
1,Bugisu,['Acute Flaccid Paralysis'],"['Malaria', 'Maternal Death']",['Measles'],[]
0,South Buganda,[],[],[],[]
0,Kigezi,[],[],[],[]
0,Ankole,[],[],[],[]
0,West Nile,[],[],[],[]
0,Teso,[],[],[],[]
0,Karamoja,[],[],[],[]
0,Acholi,[],[],[],[]
0,Kampala,[],[],[],[]
0,North Central,[],[],[],[]
0,Lango,[],[],[],[]
0,Bugisu,[],[],[],[]
0,North Buganda,[],[],[],[]
0,Bunyoro,[],[],[],[]
0,Bukedi,[],[],[],[]
0,Busoga,[],[],[],[]
0,Tooro,[],[],[],[]
0,South Central,[],[],[],[]
